,종합점수,주행,가격,거주성,품질,디자인,연비_y,복합연비,연료,연도,차급,브랜드,CO₂ 배출량
0,8.8,8.6,9.1,9.2,8.9,9.1,7.7,11.9,가솔린,2017,경차,기아,146g/km
5,9.0,9.9,8.8,8.7,7.9,9.4,9.3,5.7,전기,2023,대형/프리미엄,테슬라,
7,9.1,9.7,8.9,8.1,9.4,9.6,8.9,9.6,가솔린,2022,경차,BMW,177g/km
8,8.8,9.4,8.1,8.8,9.1,9.5,8.2,11.1,디젤,2016,경차,메르세데스-벤츠,173g/km
10,8.6,9.2,8.5,7.8,8.7,9.7,8.1,11.5,가솔린,2018,경차,메르세데스-벤츠,151g/km
11,8.8,9.6,7.9,9.4,9.6,9.1,7.3,8.0,가솔린,2015,경차,렉서스,226g/km
15,9.4,9.5,9.2,9.6,9.8,8.9,9.4,10.2,가솔린,2016,경차,렉서스,173g/km
16,9.0,10.0,10.0,8.0,8.0,10.0,8.0,7.6,가솔린,2023,경차,BMW,230g/km
18,9.6,9.9,8.3,9.8,9.8,9.6,10.0,3.6,전기,2023,대형/프리미엄,BMW,
19,9.3,9.7,8.2,8.6,9.8,9.7,9.7,14.0,가솔린,2022,경차,렉서스,114g/km
20,8.9,9.4,7.5,9.1,9.2,9.8,8.6,14.1,디젤,2023,경차,메르세데스-벤츠,134g/km
21,8.7,8.9,8.2,9.2,8.6,9.5,7.9,12.0,가솔린,2023,경차,현대,133~139g/km
22,9.2,9.8,8.2,9.2,9.6,9.7,8.5,10.0,디젤,2021,경차,BMW,195g/km
24,9.3,9.9,9.1,8.1,9.6,9.8,9.3,4.1,전기,2024,대형/프리미엄,BMW,
25,8.5,9.5,8.3,8.5,8.8,7.2,9.0,5.3,전기,2018,대형/프리미엄,기아,
28,9.3,9.8,8.9,9.5,8.7,9.5,9.4,5.1,전기,2024,대형/프리미엄,테슬라,
29,8.2,8.9,7.6,8.7,8.2,8.8,6.9,,디젤,2023,경차,현대,
30,9.2,9.8,7.8,9.7,9.3,9.3,9.6,5.1,전기,2024,대형/프리미엄,현대,
31,8.5,9.4,7.9,9.0,8.9,9.1,6.5,8.8,가솔린,2021,경차,제네시스,196g/km
32,9.5,9.9,9.2,9.5,9.7,9.8,8.7,4.1,전기,2023,대형/프리미엄,BMW,
35,7.8,7.8,7.7,7.3,7.4,9.3,7.4,11.4,가솔린,2019,경차,르노코리아,149g/km
36,9.0,9.8,8.5,8.7,9.4,9.9,7.9,11.6,디젤,2014,경차,BMW,172g/km
39,8.7,8.8,9.2,8.5,8.5,8.5,8.8,13.2,가솔린,2016,경차,기아,0~131g/km
41,8.7,9.2,8.4,8.2,8.9,9.4,8.1,11.2,가솔린,2018,경차,메르세데스-벤츠,
42,8.6,9.3,8.4,8.2,9.6,9.3,7.0,10.2,가솔린,2019,경차,렉서스,170g/km
43,8.3,8.5,8.5,8.3,8.2,8.9,7.6,11.9,가솔린,2015,경차,기아,142g/km
45,9.3,9.8,8.9,9.5,8.7,9.5,9.4,5.1,전기,2023,대형/프리미엄,테슬라,
46,8.7,9.6,8.0,8.3,9.2,9.9,6.9,7.3,가솔린,2016,경차,메르세데스-벤츠,243g/km
47,8.5,8.8,8.4,8.3,8.9,8.4,7.9,13.2,디젤,2014,경차,르노코리아,151g/km
49,8.9,9.6,8.1,8.7,9.4,9.6,8.0,10.5,가솔린,2020,경차,메르세데스-벤츠,170g/km
50,8.5,9.9,8.1,8.4,9.0,9.4,6.0,6.9,가솔린,2024,경차,BMW,252g/km
52,9.0,10.0,10.0,8.0,8.0,10.0,8.0,7.3,가솔린,2022,경차,BMW,237g/km
53,8.5,9.2,8.2,9.2,9.0,9.4,6.0,8.3,가솔린,2016,경차,제네시스,186~205g/km
54,8.5,9.4,7.9,9.0,8.9,9.1,6.5,7.2,가솔린,2020,경차,제네시스,241g/km
56,7.9,9.1,9.0,7.2,8.2,9.2,5.0,9.9,가솔린,2014,경차,제네시스,177~180g/km
58,8.8,9.2,8.8,9.3,8.8,8.7,8.1,11.9,디젤,2015,경차,현대,168g/km
59,9.8,10.0,9.3,9.9,9.9,9.9,10.0,3.7,전기,2023,대형/프리미엄,BMW,
61,9.0,9.7,9.0,7.4,9.1,9.0,9.7,18.5,디젤,2014,경차,BMW,103g/km
62,8.7,9.5,8.5,9.6,9.1,8.7,6.8,10.0,가솔린,2024,경차,현대,152~168g/km
63,9.2,9.2,8.3,8.8,9.6,9.4,9.7,10.9,가솔린,2018,경차,렉서스,155g/km
64,8.8,9.4,8.1,8.8,9.1,9.5,8.2,9.7,디젤,2017,경차,메르세데스-벤츠,200g/km
65,8.5,8.5,9.1,6.8,9.0,9.6,7.9,9.1,가솔린,2015,경차,메르세데스-벤츠,195g/km
66,9.0,9.3,7.6,9.4,9.1,9.7,9.1,15.7,가솔린,2024,경차,기아,102g/km
67,8.4,8.8,8.5,8.9,8.4,8.9,7.2,10.9,디젤,2018,경차,기아,180g/km
68,8.2,9.7,6.8,8.3,10.0,9.7,4.5,9.9,가솔린,2016,경차,렉서스,175g/km
69,8.7,9.6,7.7,8.0,8.7,9.9,8.1,11.5,가솔린,2021,경차,메르세데스-벤츠,150g/km
71,9.2,9.6,9.5,8.5,10.0,9.5,7.9,7.6,가솔린,2018,경차,렉서스,233g/km
72,8.6,8.8,8.8,8.5,8.7,7.1,9.7,19.5,가솔린,2016,경차,기아,79g/km
74,8.9,9.3,8.2,9.2,9.5,9.5,7.5,7.9,가솔린,2024,경차,렉서스,220g/km
77,8.5,8.7,9.0,8.0,8.2,8.2,8.8,13.4,가솔린,2018,경차,현대,115~122g/km
78,8.9,9.4,6.7,9.0,9.1,9.5,9.4,18.1,가솔린,2024,경차,현대,79~87g/km
79,8.9,9.3,8.4,8.9,8.8,9.6,8.4,13.3,가솔린,2023,경차,르노코리아,121~123g/km
80,9.0,9.9,8.8,8.7,7.9,9.4,9.3,5.8,전기,2019,대형/프리미엄,테슬라,
81,8.4,8.5,8.8,8.3,8.3,8.4,8.1,14.0,가솔린,2015,경차,현대,122~123g/km
85,8.6,8.9,8.4,8.8,8.5,9.0,7.9,13.8,디젤,2014,경차,현대,137g/km
87,8.3,8.3,8.7,8.4,8.5,9.1,7.0,11.5,가솔린,2015,경차,기아,151~152g/km
88,8.7,9.4,8.9,9.4,9.1,8.5,6.7,9.4,가솔린,2014,경차,기아,186~190g/km
90,9.2,9.4,8.5,9.5,9.5,9.2,8.9,8.9,가솔린,2016,경차,렉서스,193g/km
91,8.7,8.8,8.7,9.2,8.4,9.3,7.8,11.6,가솔린,2020,경차,기아,142~147g/km
93,8.9,9.3,8.2,9.2,9.5,9.5,7.5,12.8,가솔린,2020,경차,렉서스,129g/km
95,8.4,8.6,9.1,8.7,8.4,8.4,7.1,9.1,가솔린,2017,경차,르노코리아,174g/km
102,8.2,9.7,6.8,8.3,10.0,9.7,4.5,9.9,가솔린,2020,경차,렉서스,175g/km
103,9.0,9.9,8.8,8.7,7.9,9.4,9.3,6.1,전기,2021,대형/프리미엄,테슬라,
105,8.4,9.6,8.0,8.1,9.1,9.0,6.9,8.3,가솔린,2023,경차,BMW,208g/km
106,8.3,9.0,9.0,8.6,8.5,8.4,6.4,5.2,전기,2018,대형/프리미엄,기아,
107,7.5,8.1,7.8,7.1,7.6,7.5,6.6,,디젤,2014,경차,기아,
109,9.1,9.6,8.5,9.0,9.4,9.6,8.6,9.8,가솔린,2024,경차,BMW,173g/km
110,9.4,10.0,9.3,10.0,10.0,9.7,7.7,5.4,전기,2023,대형/프리미엄,렉서스,
111,8.9,9.5,9.2,7.2,9.4,9.6,8.6,10.7,가솔린,2022,경차,BMW,159g/km
114,8.6,9.5,9.0,8.7,9.1,8.5,7.1,6.3,전기,2018,대형/프리미엄,현대,
115,8.6,9.3,8.4,8.2,9.6,9.3,7.0,10.2,가솔린,2019,경차,렉서스,170g/km
116,8.9,9.2,8.8,9.4,9.1,9.0,7.7,12.2,디젤,2016,경차,현대,163g/km
123,8.2,8.9,7.6,8.7,8.2,8.8,6.9,,디젤,2022,경차,현대,
124,9.2,9.8,8.2,9.2,9.6,9.7,8.5,11.6,디젤,2024,경차,BMW,165g/km
127,9.2,8.8,8.1,9.9,9.2,9.5,9.5,13.0,가솔린,2024,경차,현대,125g/km
129,8.5,8.9,8.0,9.4,9.1,8.6,7.0,,디젤,2017,경차,메르세데스-벤츠,207g/km
130,9.2,9.9,8.8,9.3,8.4,9.6,9.5,4.5,전기,2021,대형/프리미엄,테슬라,
131,8.8,9.6,8.9,8.2,9.0,9.6,7.8,8.9,가솔린,2018,경차,BMW,
134,8.8,9.0,8.8,8.2,8.8,8.6,9.8,22.4,가솔린,2018,경차,현대,69g/km
135,7.5,9.0,7.7,7.7,8.2,7.6,7.0,3.1,전기,2023,대형/프리미엄,현대,
136,8.2,9.4,8.4,6.4,7.7,9.4,7.9,13.1,가솔린,2018,경차,현대,127g/km
140,8.5,8.7,9.0,8.0,8.2,8.2,8.8,13.4,가솔린,2017,경차,현대,115~122g/km
144,8.8,9.2,8.1,9.0,8.7,8.1,9.5,19.1,가솔린,2020,경차,현대,79~83g/km
148,9.7,9.9,9.2,9.7,9.9,9.9,9.6,12.5,디젤,2024,경차,BMW,153g/km
152,9.2,9.6,9.5,8.5,10.0,9.5,7.9,10.1,가솔린,2018,경차,렉서스,170g/km
153,9.1,9.1,8.5,9.1,9.7,9.4,8.8,9.3,가솔린,2020,경차,렉서스,186g/km
155,8.8,9.2,8.1,9.0,8.7,8.1,9.5,19.1,가솔린,2021,경차,현대,79~83g/km
157,8.8,9.4,8.6,8.6,9.8,8.9,7.7,9.6,가솔린,2014,경차,렉서스,185g/km
158,8.2,9.7,6.8,8.3,10.0,9.7,4.5,7.9,가솔린,2016,경차,렉서스,222g/km
162,9.0,9.5,8.6,8.3,9.2,9.4,8.6,11.0,가솔린,2023,경차,BMW,154g/km
163,8.9,9.6,8.1,8.7,9.4,9.6,8.0,8.3,가솔린,2021,경차,메르세데스-벤츠,220g/km
164,8.5,8.4,9.0,8.0,8.6,8.7,8.4,13.3,가솔린,2015,경차,기아,117~129g/km
166,9.3,9.9,9.2,9.2,9.8,9.9,7.6,9.4,가솔린,2020,경차,BMW,183g/km
167,9.5,9.9,9.2,9.5,9.7,9.8,8.7,4.1,전기,2022,대형/프리미엄,BMW,
168,8.7,9.2,7.9,9.4,8.7,9.5,7.3,13.1,디젤,2024,경차,기아,146g/km
169,8.9,9.6,8.1,8.7,9.4,9.6,8.0,11.5,가솔린,2021,경차,메르세데스-벤츠,150g/km
170,8.6,8.9,8.8,8.5,8.6,8.7,8.1,13.8,디젤,2014,경차,현대,136~143g/km
171,8.8,9.6,7.9,9.4,9.6,9.1,7.3,8.0,가솔린,2016,경차,렉서스,226g/km
173,9.3,9.8,8.8,9.3,9.5,9.4,9.1,12.3,디젤,2022,경차,BMW,150g/km
175,8.8,9.8,9.4,7.9,8.8,9.6,7.0,9.4,가솔린,2020,경차,BMW,184g/km
185,8.6,8.8,8.5,9.0,8.6,8.3,8.3,13.2,가솔린,2019,경차,현대,122~127g/km
187,9.2,10.0,7.7,10.0,10.0,10.0,7.3,10.9,가솔린,2020,경차,렉서스,155g/km
188,8.9,9.5,9.2,7.2,9.4,9.6,8.6,10.7,가솔린,2023,경차,BMW,159g/km
189,8.8,9.1,9.3,8.6,8.8,7.8,9.1,14.0,가솔린,2019,경차,현대,108~119g/km
190,9.4,9.9,9.1,9.3,9.8,9.8,9.7,4.1,전기,2021,대형/프리미엄,메르세데스-벤츠,
191,8.9,9.2,8.8,9.1,8.9,9.1,8.2,11.3,디젤,2018,경차,기아,145~170g/km
192,8.9,9.3,8.2,9.2,9.5,9.5,7.5,8.8,가솔린,2018,경차,렉서스,198g/km
193,9.2,9.8,8.7,9.2,9.4,9.8,8.3,4.2,전기,2023,대형/프리미엄,BMW,
195,9.3,9.8,8.2,9.3,9.6,9.6,9.1,3.8,전기,2024,대형/프리미엄,BMW,
198,8.9,9.3,8.2,9.2,9.5,9.5,7.5,9.6,가솔린,2024,경차,렉서스,175g/km
199,8.4,8.6,8.7,8.5,8.3,8.6,7.6,11.9,가솔린,2014,경차,현대,142~147g/km
200,8.2,8.9,7.6,8.7,8.2,8.8,6.9,10.0,디젤,2024,경차,현대,196g/km
201,9.3,9.9,9.1,8.1,9.6,9.8,9.3,4.1,전기,2023,대형/프리미엄,BMW,
202,8.9,9.6,8.1,8.7,9.4,9.6,8.0,10.8,가솔린,2024,경차,메르세데스-벤츠,159g/km
204,8.8,10.0,9.1,9.4,10.0,9.9,4.4,7.6,가솔린,2015,경차,BMW,238g/km
207,9.1,9.9,7.4,9.3,9.7,9.8,8.7,4.6,전기,2022,대형/프리미엄,제네시스,
210,8.8,9.8,9.4,7.9,8.8,9.6,7.0,9.4,가솔린,2019,경차,BMW,184g/km
211,8.9,10.0,7.8,10.0,10.0,10.0,5.8,6.9,가솔린,2015,경차,BMW,262g/km
212,9.4,9.6,8.1,9.1,9.8,9.7,9.8,14.0,가솔린,2024,경차,렉서스,116g/km
214,8.7,9.2,7.7,9.4,8.9,9.1,8.1,11.4,가솔린,2023,경차,현대,143~148g/km
216,8.5,9.3,8.2,8.7,9.0,9.2,6.6,9.6,디젤,2019,경차,기아,205g/km
218,8.8,9.4,8.5,7.5,9.0,9.7,8.4,15.6,디젤,2015,경차,BMW,117~122g/km
221,9.3,10.0,10.0,8.0,10.0,10.0,8.0,10.8,가솔린,2024,경차,BMW,156g/km
222,8.5,8.5,9.1,8.7,8.6,8.0,8.2,9.0,LPG,2014,경차,기아,140~150g/km
226,9.0,10.0,10.0,8.0,8.0,10.0,8.0,7.3,가솔린,2021,경차,BMW,237g/km
230,9.5,9.6,8.9,9.6,9.7,9.6,9.8,17.0,가솔린,2020,경차,렉서스,93g/km
234,8.7,9.3,7.8,8.6,8.9,9.6,8.2,8.3,가솔린,2021,경차,메르세데스-벤츠,220g/km
235,8.9,9.3,8.2,9.2,9.5,9.5,7.5,8.8,가솔린,2020,경차,렉서스,198g/km
236,9.1,9.6,8.6,8.6,9.5,9.8,8.6,14.3,디젤,2015,경차,메르세데스-벤츠,138g/km
238,8.8,9.5,8.6,9.4,9.3,9.4,6.7,7.2,가솔린,2018,경차,제네시스,239g/km
244,9.3,9.7,8.2,8.6,9.8,9.7,9.7,16.7,가솔린,2024,경차,렉서스,93g/km
248,8.8,9.5,8.6,9.4,9.3,9.4,6.7,7.2,가솔린,2017,경차,제네시스,239g/km
249,8.3,8.2,7.8,8.3,8.4,8.9,8.1,15.7,가솔린,2022,경차,기아,104g/km
251,9.2,9.5,9.1,9.3,9.0,9.7,8.6,14.2,디젤,2024,경차,메르세데스-벤츠,133g/km
252,8.9,9.6,8.2,8.1,8.9,9.7,8.6,13.9,디젤,2022,경차,메르세데스-벤츠,137g/km
253,7.5,8.3,7.6,7.3,7.6,7.5,6.6,6.5,LPG,2024,경차,현대,188~205g/km
257,9.2,9.9,8.8,9.3,8.4,9.6,9.5,4.8,전기,2023,대형/프리미엄,테슬라,
258,8.5,9.7,8.7,8.5,8.4,9.8,6.0,10.8,가솔린,2021,경차,기아,151~156g/km
260,8.6,9.1,8.1,8.9,8.8,9.5,7.3,11.8,가솔린,2023,경차,기아,130~142g/km
261,8.9,9.5,9.3,9.5,9.2,9.1,6.7,8.7,가솔린,2020,경차,기아,199g/km
264,9.1,9.8,8.5,8.6,9.4,9.7,8.7,10.8,가솔린,2023,경차,BMW,155g/km
265,8.7,8.9,8.8,8.7,8.8,8.7,8.2,14.4,디젤,2014,경차,기아,137g/km
266,8.7,9.4,9.0,9.5,9.2,8.5,6.6,8.6,가솔린,2017,경차,기아,195~197g/km
268,8.9,9.2,8.8,9.1,8.9,9.1,8.2,12.0,디젤,2019,경차,기아,138~160g/km
271,9.4,9.9,8.9,9.7,9.2,9.1,9.6,3.8,전기,2023,대형/프리미엄,메르세데스-벤츠,
276,8.8,8.7,9.4,8.9,8.7,9.3,7.9,11.6,가솔린,2022,경차,르노코리아,140~146g/km
280,8.2,9.4,7.7,7.3,7.7,8.0,8.8,5.6,전기,2018,대형/프리미엄,현대,
282,7.5,9.0,7.7,7.7,8.2,7.6,7.0,3.1,전기,2024,대형/프리미엄,현대,
285,8.9,9.4,8.8,9.4,9.2,9.4,6.9,7.4,가솔린,2015,경차,현대,244g/km
287,9.2,9.3,8.8,9.4,9.1,9.3,9.6,16.2,가솔린,2019,경차,기아,97g/km
288,8.9,9.5,9.2,9.6,9.4,8.9,6.8,9.5,가솔린,2016,경차,현대,188g/km
289,8.5,9.3,8.2,8.7,9.0,9.2,6.6,9.8,디젤,2018,경차,기아,190~200g/km
291,9.0,10.0,9.1,9.8,9.0,9.4,7.0,3.7,전기,2024,대형/프리미엄,현대,
292,7.8,8.7,8.2,6.4,7.5,9.3,6.8,12.4,가솔린,2015,경차,현대,129~140g/km
294,7.3,9.2,5.4,6.6,6.1,8.0,8.8,3.6,전기,2024,대형/프리미엄,현대,
295,7.5,8.3,7.6,7.3,7.6,7.5,6.6,9.0,디젤,2020,경차,현대,195~216g/km
298,8.5,9.4,7.9,9.0,8.9,9.1,6.5,7.2,가솔린,2021,경차,제네시스,241g/km
300,9.2,9.4,8.5,9.5,9.5,9.2,8.9,8.9,가솔린,2020,경차,렉서스,193g/km
301,8.5,9.3,7.7,7.7,8.9,9.4,8.2,13.0,가솔린,2016,경차,현대,127g/km
302,9.1,9.3,9.0,9.0,9.1,9.6,8.9,14.1,가솔린,2023,경차,기아,108~117g/km
305,9.2,10.0,7.7,10.0,10.0,10.0,7.3,7.9,가솔린,2023,경차,렉서스,220g/km
306,8.9,9.3,8.3,8.3,9.1,9.7,8.6,0.0,디젤,2014,경차,BMW,
308,8.6,9.0,8.1,8.8,8.4,9.7,7.8,13.2,가솔린,2022,경차,기아,122~127g/km
309,8.6,9.3,8.4,8.2,9.6,9.3,7.0,10.2,가솔린,2014,경차,렉서스,174g/km
310,9.1,9.7,8.9,8.1,9.4,9.6,8.9,11.2,가솔린,2024,경차,BMW,151g/km
311,9.0,9.7,9.3,9.7,9.4,9.1,6.7,8.7,가솔린,2024,경차,기아,199g/km
312,8.4,8.8,8.3,9.0,8.5,9.0,7.1,10.3,디젤,2020,경차,기아,189g/km
313,8.5,9.9,8.1,8.4,9.0,9.4,6.0,6.7,가솔린,2020,경차,BMW,258g/km
314,9.1,9.6,8.9,8.7,9.2,9.5,8.7,16.1,디젤,2015,경차,BMW,120g/km
315,9.0,9.8,8.2,8.6,9.4,9.9,7.9,10.9,디젤,2022,경차,BMW,181g/km
316,9.2,10.0,7.7,10.0,10.0,10.0,7.3,7.5,가솔린,2023,경차,렉서스,230g/km
319,9.2,9.7,8.9,8.3,9.3,9.6,9.2,18.5,디젤,2014,경차,BMW,103g/km
320,9.2,9.6,8.5,9.7,9.4,9.3,8.6,8.2,가솔린,2022,경차,제네시스,209g/km
321,8.1,7.9,8.6,8.0,8.0,8.0,8.2,15.0,가솔린,2015,경차,르노코리아,114g/km
322,8.5,9.6,7.7,7.9,8.7,9.5,7.7,13.6,디젤,2022,경차,BMW,140g/km
323,9.0,9.9,8.8,8.7,7.9,9.4,9.3,5.7,전기,2024,대형/프리미엄,테슬라,
325,9.5,9.6,8.9,9.6,9.7,9.6,9.8,17.2,가솔린,2023,경차,렉서스,91g/km
327,9.4,9.5,9.2,9.6,9.8,8.9,9.4,10.2,가솔린,2014,경차,렉서스,173g/km
329,9.0,9.5,8.1,9.4,9.1,9.6,8.6,12.0,가솔린,2024,경차,현대,123~138g/km
330,8.4,9.6,8.0,8.1,9.1,9.0,6.9,8.3,가솔린,2021,경차,BMW,208g/km
331,8.3,9.6,7.9,7.8,9.1,9.4,6.2,10.9,가솔린,2023,경차,제네시스,154g/km
333,8.9,9.4,6.7,9.0,9.1,9.5,9.4,18.1,가솔린,2023,경차,현대,79~87g/km
334,9.0,9.2,8.0,8.9,8.7,9.7,9.5,19.1,가솔린,2022,경차,기아,79~83g/km
335,9.1,9.8,8.5,8.6,9.4,9.7,8.7,11.2,가솔린,2023,경차,BMW,149g/km
336,8.7,9.6,7.7,8.0,8.7,9.9,8.1,9.0,가솔린,2022,경차,메르세데스-벤츠,194g/km
337,9.3,9.9,9.1,8.1,9.6,9.8,9.3,4.6,전기,2023,대형/프리미엄,BMW,
338,9.1,9.9,8.9,8.1,9.3,9.7,8.5,9.1,가솔린,2019,경차,BMW,184~190g/km
339,9.1,9.8,8.4,9.1,9.2,9.5,8.7,10.5,디젤,2017,경차,BMW,185g/km
340,8.6,9.3,8.4,8.2,9.6,9.3,7.0,10.2,가솔린,2017,경차,렉서스,170g/km
344,8.5,9.4,9.0,6.2,8.8,9.6,8.2,9.5,가솔린,2018,경차,메르세데스-벤츠,184g/km
345,8.6,8.9,8.9,8.7,8.7,8.5,7.8,15.8,디젤,2021,경차,기아,114~118g/km
347,9.2,9.3,8.9,8.9,9.6,9.6,9.0,12.1,가솔린,2024,경차,메르세데스-벤츠,139g/km
351,8.5,9.6,7.7,7.9,8.7,9.5,7.7,9.8,가솔린,2023,경차,BMW,174g/km
353,8.2,9.8,8.1,8.8,8.7,9.8,4.3,7.7,가솔린,2024,경차,BMW,224g/km
355,8.7,9.8,7.4,8.4,9.2,10.0,7.2,6.3,가솔린,2023,경차,메르세데스-벤츠,279g/km
356,9.2,9.5,9.1,9.3,9.0,9.7,8.6,9.5,가솔린,2021,경차,메르세데스-벤츠,188g/km
358,8.9,9.4,8.7,9.6,9.2,9.5,7.1,12.0,디젤,2024,경차,현대,154~159g/km
359,9.1,9.8,7.2,9.6,9.2,9.7,9.4,4.2,전기,2024,대형/프리미엄,기아,
360,8.8,8.9,9.1,8.4,8.6,9.1,8.7,13.1,가솔린,2017,경차,현대,121g/km
363,8.7,9.2,8.4,8.2,8.9,9.4,8.1,5.8,가솔린,2016,경차,메르세데스-벤츠,306g/km
364,8.5,9.2,8.2,9.2,9.0,9.4,6.0,8.3,가솔린,2017,경차,제네시스,186~205g/km
366,8.9,9.3,8.3,8.3,9.1,9.7,8.6,11.4,디젤,2017,경차,BMW,
367,9.2,10.0,7.7,10.0,10.0,10.0,7.3,10.9,가솔린,2021,경차,렉서스,155g/km
369,8.9,9.8,8.5,8.8,9.6,9.8,6.5,5.4,,2017,대형/프리미엄,BMW,
370,8.4,8.8,8.5,8.9,8.4,8.9,7.2,10.3,디젤,2017,경차,기아,196~197g/km
371,8.8,9.5,8.6,9.4,9.3,9.4,6.7,8.5,가솔린,2017,경차,제네시스,203g/km
372,9.3,9.7,8.2,8.6,9.8,9.7,9.7,16.7,가솔린,2019,경차,렉서스,95g/km
375,9.2,9.7,8.9,8.3,9.3,9.6,9.2,15.8,디젤,2016,경차,BMW,124g/km
376,8.4,8.8,8.3,9.0,8.5,9.0,7.1,10.3,디젤,2019,경차,기아,189g/km
377,9.2,9.4,8.5,9.5,9.5,9.2,8.9,12.8,가솔린,2021,경차,렉서스,129g/km
378,9.2,9.6,9.5,8.5,10.0,9.5,7.9,12.7,가솔린,2016,경차,렉서스,132g/km
379,8.8,8.9,8.9,8.5,8.5,9.1,9.0,14.1,가솔린,2021,경차,기아,108~117g/km
380,8.6,8.7,8.7,8.9,8.5,9.1,7.7,11.6,가솔린,2019,경차,기아,136~144g/km
381,9.0,9.1,9.2,8.7,8.6,9.4,9.0,13.3,가솔린,2019,경차,현대,121~125g/km
383,9.2,9.2,8.3,8.8,9.6,9.4,9.7,17.0,가솔린,2020,경차,렉서스,93g/km
384,8.9,10.0,7.8,10.0,10.0,10.0,5.8,6.7,가솔린,2019,경차,BMW,262g/km
385,8.7,8.4,7.7,8.7,8.5,9.7,9.0,15.1,가솔린,2023,경차,기아,108g/km
388,9.1,9.9,8.9,8.1,9.3,9.7,8.5,9.6,가솔린,2015,경차,BMW,185g/km
389,9.1,9.1,8.5,9.1,9.7,9.4,8.8,9.3,가솔린,2020,경차,렉서스,186g/km
390,8.8,9.4,8.5,7.5,9.0,9.7,8.4,11.1,가솔린,2019,경차,BMW,154g/km
394,8.0,8.5,8.2,8.2,8.0,8.2,6.9,9.8,디젤,2016,경차,현대,177~207g/km
400,8.8,9.1,8.7,9.1,8.8,9.1,8.1,12.9,디젤,2016,경차,기아,146~154g/km
406,9.0,9.5,8.8,8.6,9.1,9.5,8.7,9.8,가솔린,2020,경차,BMW,175g/km
407,9.2,10.0,7.7,10.0,10.0,10.0,7.3,7.7,가솔린,2024,경차,렉서스,226g/km
409,9.1,9.1,8.9,9.3,8.9,9.3,9.1,17.7,가솔린,2015,경차,현대,91~94g/km
413,8.8,9.4,8.6,8.6,9.8,8.9,7.7,9.9,가솔린,2014,경차,렉서스,180g/km
417,9.1,9.5,8.5,9.4,9.2,8.7,9.3,14.3,가솔린,2023,경차,현대,106~114g/km
420,8.9,9.5,9.2,9.6,9.4,8.9,6.8,9.5,가솔린,2015,경차,현대,188g/km
423,8.8,9.4,8.5,7.5,9.0,9.7,8.4,11.1,가솔린,2019,경차,BMW,155g/km
425,9.0,9.5,8.8,8.6,9.1,9.5,8.7,12.0,디젤,2019,경차,BMW,159g/km
426,8.2,8.9,7.6,8.7,8.2,8.8,6.9,11.3,디젤,2021,경차,현대,156~172g/km
427,8.6,9.0,8.1,8.8,8.4,9.7,7.8,13.2,가솔린,2021,경차,기아,121~127g/km
429,8.0,8.5,8.2,8.2,8.0,8.2,6.9,9.5,디젤,2014,경차,현대,183~214g/km
430,7.5,8.3,7.6,7.3,7.6,7.5,6.6,,디젤,2023,경차,현대,
431,9.7,9.9,9.2,9.7,9.9,9.9,9.6,10.7,가솔린,2023,경차,BMW,156g/km
432,9.1,9.6,8.9,8.7,9.2,9.5,8.7,,가솔린,2014,경차,BMW,
435,8.6,9.2,8.5,7.8,8.7,9.7,8.1,18.0,디젤,2015,경차,메르세데스-벤츠,107g/km
438,9.2,9.4,8.7,9.5,9.3,9.0,9.3,15.2,가솔린,2022,경차,현대,97~108g/km
439,8.8,9.1,8.4,8.8,8.7,9.6,8.3,11.8,가솔린,2019,경차,기아,132~143g/km
443,8.0,8.6,8.4,8.5,8.4,8.6,5.6,10.2,가솔린,2014,경차,르노코리아,174g/km
446,9.4,9.8,8.2,9.6,9.7,9.5,9.8,4.2,전기,2023,대형/프리미엄,메르세데스-벤츠,
448,8.8,8.9,9.1,8.1,8.3,9.5,8.6,13.4,가솔린,2020,경차,르노코리아,123g/km
449,8.8,9.4,6.9,9.3,9.3,9.8,8.0,14.6,디젤,2024,경차,BMW,121g/km
450,8.5,9.4,8.2,7.9,8.6,8.8,7.9,12.7,가솔린,2021,경차,현대,119~131g/km
451,9.5,9.6,8.9,9.6,9.7,9.6,9.8,14.0,가솔린,2022,경차,렉서스,114g/km
452,8.4,8.8,8.5,8.9,8.4,8.9,7.2,11.2,디젤,2015,경차,기아,179g/km
453,8.5,9.2,8.2,9.2,9.0,9.4,5.7,9.2,가솔린,2015,경차,제네시스,189~194g/km
454,8.4,9.6,6.8,8.4,8.0,8.8,8.8,,디젤,2019,경차,현대,
456,8.9,9.8,8.5,8.8,9.6,9.8,6.5,5.9,,2014,대형/프리미엄,BMW,
459,9.0,9.2,8.0,9.4,8.8,9.6,9.0,14.3,가솔린,2020,경차,기아,106~115g/km
462,8.7,9.0,8.0,9.0,8.8,9.1,8.6,11.4,가솔린,2015,경차,현대,147~154g/km
463,8.7,9.6,8.0,8.3,9.2,9.9,6.9,7.0,가솔린,2021,경차,메르세데스-벤츠,248g/km
466,8.6,8.7,8.7,8.9,8.5,9.1,7.7,11.6,가솔린,2018,경차,기아,136~144g/km
467,7.1,8.8,7.4,7.2,7.7,7.5,6.0,9.0,디젤,2020,경차,기아,195~216g/km
468,9.0,9.3,7.9,9.4,9.2,9.7,8.6,13.0,가솔린,2024,경차,기아,121~128g/km
470,8.7,9.2,7.8,8.2,8.9,8.5,9.5,17.4,가솔린,2021,경차,현대,82~92g/km
471,8.6,9.2,8.4,8.7,9.2,9.4,6.6,10.7,디젤,2015,경차,기아,189g/km
475,8.7,9.6,7.7,8.0,8.7,9.9,8.1,9.0,가솔린,2023,경차,메르세데스-벤츠,194g/km
476,8.7,10.0,8.9,8.1,9.6,9.9,5.5,6.8,가솔린,2022,경차,BMW,256g/km
480,8.2,9.4,7.7,7.3,7.7,8.0,8.8,5.6,전기,2020,대형/프리미엄,현대,
484,8.7,9.2,7.9,9.4,8.7,9.5,7.3,11.7,디젤,2024,경차,기아,165g/km
485,8.9,9.6,8.2,9.5,8.8,9.4,7.7,10.4,디젤,2024,경차,메르세데스-벤츠,187g/km
486,9.2,9.9,7.7,8.7,9.7,9.8,9.4,4.3,전기,2021,대형/프리미엄,제네시스,
487,8.7,9.6,7.7,8.0,8.7,9.9,8.1,9.0,가솔린,2020,경차,메르세데스-벤츠,194g/km
488,8.9,9.4,7.1,9.5,8.9,9.0,9.2,16.7,가솔린,2023,경차,현대,88~96g/km
491,9.0,9.7,9.0,7.4,9.1,9.0,9.7,17.4,디젤,2015,경차,BMW,111g/km
492,9.3,9.8,8.9,9.5,8.7,9.5,9.4,5.6,전기,2021,대형/프리미엄,테슬라,
493,8.6,9.2,8.4,8.7,9.2,9.4,6.6,10.7,디젤,2014,경차,기아,189g/km
494,8.5,8.9,8.0,9.4,9.1,8.6,7.0,6.7,가솔린,2019,경차,메르세데스-벤츠,266g/km
499,8.5,9.2,8.2,9.2,9.0,9.4,5.7,9.4,가솔린,2014,경차,제네시스,189g/km
500,8.6,9.2,8.5,7.8,8.7,9.7,8.1,,가솔린,2014,경차,메르세데스-벤츠,165g/km
501,8.4,9.2,9.0,8.3,8.5,7.8,7.8,6.3,전기,2019,대형/프리미엄,현대,
506,9.3,9.8,9.1,9.6,9.6,9.7,8.2,7.8,가솔린,2023,경차,BMW,218g/km
507,9.3,9.7,9.0,8.8,9.7,9.8,8.8,11.4,가솔린,2024,경차,BMW,149g/km
508,8.4,9.6,8.0,8.1,9.1,9.0,6.9,8.3,가솔린,2022,경차,BMW,208g/km
509,8.5,9.4,9.0,6.2,8.8,9.6,8.2,10.7,가솔린,2018,경차,메르세데스-벤츠,163g/km
510,9.1,9.8,8.4,8.6,9.4,9.8,8.9,10.5,디젤,2019,경차,BMW,185g/km
511,9.2,9.5,9.1,9.3,9.0,9.7,8.6,14.2,디젤,2023,경차,메르세데스-벤츠,133g/km
513,8.4,9.5,8.5,8.3,8.2,9.8,5.8,9.6,가솔린,2019,경차,기아,161~175g/km
514,9.1,9.6,8.5,9.0,9.4,9.6,8.6,9.5,가솔린,2020,경차,BMW,181g/km
515,8.9,9.4,8.4,8.4,9.2,9.8,8.1,9.9,가솔린,2024,경차,BMW,172g/km
518,8.4,9.0,7.1,8.6,8.5,9.6,7.5,13.8,가솔린,2022,경차,현대,115~119g/km
519,9.0,9.4,9.3,8.7,8.8,8.2,9.5,16.7,디젤,2014,경차,BMW,116g/km
520,8.7,9.3,7.8,8.6,8.9,9.6,8.2,5.8,가솔린,2016,경차,메르세데스-벤츠,306g/km
522,8.2,9.5,8.1,7.3,8.9,9.6,5.9,10.4,가솔린,2017,경차,제네시스,156~161g/km
523,9.0,9.7,9.0,7.4,9.1,9.0,9.7,15.3,디젤,2019,경차,BMW,128g/km
529,9.0,9.2,8.0,9.4,8.8,9.6,9.0,14.3,가솔린,2023,경차,기아,106~115g/km
530,8.9,9.3,8.2,9.2,9.5,9.5,7.5,7.9,가솔린,2022,경차,렉서스,220g/km
531,8.4,8.2,8.9,8.2,8.0,9.2,7.8,11.4,가솔린,2019,경차,르노코리아,144~149g/km
533,9.2,9.5,9.1,9.3,9.0,9.7,8.6,9.5,가솔린,2024,경차,메르세데스-벤츠,182g/km
535,8.8,9.4,8.1,9.3,9.0,9.7,7.2,14.6,디젤,2021,경차,제네시스,130g/km
536,9.3,9.8,8.2,9.3,9.6,9.6,9.1,4.1,전기,2024,대형/프리미엄,BMW,
537,9.1,9.6,8.8,8.9,9.2,9.2,9.0,13.5,디젤,2015,경차,BMW,146g/km
538,9.3,9.9,9.2,9.2,9.8,9.9,7.6,9.5,가솔린,2020,경차,BMW,181g/km
540,8.9,9.7,7.9,8.2,9.3,9.9,8.6,12.8,디젤,2015,경차,BMW,156g/km
541,9.2,9.9,8.8,9.3,8.4,9.6,9.5,4.8,전기,2024,대형/프리미엄,테슬라,
542,8.6,9.3,8.2,8.9,9.1,9.5,6.7,9.3,디젤,2023,경차,기아,211~212g/km
543,9.1,9.7,8.9,8.1,9.4,9.6,8.9,9.6,가솔린,2024,경차,BMW,177g/km
545,9.3,9.7,9.0,8.8,9.7,9.8,8.8,11.5,가솔린,2024,경차,BMW,145g/km
547,8.9,9.6,8.1,8.7,9.4,9.6,8.0,10.5,디젤,2023,경차,메르세데스-벤츠,184g/km
550,9.3,9.7,8.2,8.6,9.8,9.7,9.7,13.6,가솔린,2023,경차,렉서스,119g/km
551,9.1,9.8,8.4,8.6,9.4,9.8,8.9,12.3,디젤,2016,경차,BMW,162g/km
552,9.1,9.1,8.5,9.1,9.7,9.4,8.8,9.5,가솔린,2015,경차,렉서스,186g/km
556,9.8,10.0,9.3,9.9,9.9,9.9,10.0,3.8,전기,2024,대형/프리미엄,BMW,
557,8.9,9.1,8.8,8.9,8.6,9.6,8.7,14.4,가솔린,2020,경차,현대,106~115g/km
558,9.0,9.7,9.0,7.4,9.1,9.0,9.7,15.3,디젤,2016,경차,BMW,128g/km
560,8.5,8.5,9.1,6.8,9.0,9.6,7.9,9.1,가솔린,2014,경차,메르세데스-벤츠,195g/km
561,8.7,9.3,7.8,8.6,8.9,9.6,8.2,8.1,가솔린,2017,경차,메르세데스-벤츠,
562,9.2,9.8,8.9,8.8,9.5,9.6,9.0,10.9,가솔린,2019,경차,BMW,153g/km
565,9.0,9.1,9.2,8.7,8.6,9.4,9.0,13.3,가솔린,2021,경차,현대,121~125g/km
566,8.7,9.2,8.4,9.2,8.6,9.3,7.6,11.0,디젤,2021,경차,기아,176g/km
568,8.8,9.6,7.9,9.4,9.6,9.1,7.3,16.4,가솔린,2016,경차,렉서스,103g/km
571,8.2,9.5,8.1,7.3,8.9,9.6,5.9,10.4,가솔린,2020,경차,제네시스,156~161g/km
572,9.2,9.8,8.9,8.8,9.5,9.6,9.0,12.4,가솔린,2023,경차,BMW,135g/km
574,8.4,8.8,8.5,8.9,8.4,8.9,7.2,10.3,디젤,2015,경차,기아,197g/km
575,8.0,8.5,8.2,8.2,8.0,8.2,6.9,9.5,디젤,2015,경차,현대,183~214g/km
576,9.0,9.8,8.2,8.6,9.4,9.9,7.9,11.9,디젤,2024,경차,BMW,161g/km
578,8.6,9.3,7.6,9.3,9.3,9.7,6.3,9.3,가솔린,2024,경차,제네시스,183g/km
579,8.7,10.0,8.9,8.1,9.6,9.9,5.5,6.8,가솔린,2023,경차,BMW,256g/km
580,8.8,8.9,8.9,8.5,8.5,9.1,9.0,12.1,가솔린,2021,경차,기아,139g/km
582,8.9,9.6,8.2,8.1,8.9,9.7,8.6,9.5,가솔린,2020,경차,메르세데스-벤츠,
584,9.5,9.6,8.9,9.6,9.7,9.6,9.8,9.6,가솔린,2023,경차,렉서스,175g/km
586,9.0,9.7,8.6,9.4,9.1,9.3,7.9,13.7,디젤,2014,경차,BMW,145g/km
587,8.5,9.0,7.0,7.9,8.7,9.3,9.2,17.0,가솔린,2024,경차,르노코리아,91~93g/km
588,9.0,9.6,8.2,9.3,9.2,9.5,8.5,4.1,전기,2023,대형/프리미엄,메르세데스-벤츠,
589,8.5,9.4,9.0,6.2,8.8,9.6,8.2,9.5,가솔린,2017,경차,메르세데스-벤츠,184g/km
591,8.0,8.2,9.0,8.1,8.0,7.9,6.9,11.3,가솔린,2018,경차,르노코리아,149g/km
593,8.7,8.8,9.1,8.2,8.5,8.9,8.9,13.5,가솔린,2019,경차,기아,123g/km
594,8.8,9.5,8.6,9.4,9.3,9.4,6.7,8.5,가솔린,2018,경차,제네시스,203g/km
595,8.9,9.6,8.2,9.5,8.8,9.4,7.7,9.8,디젤,2021,경차,메르세데스-벤츠,199g/km
596,8.7,9.0,8.0,9.0,8.8,9.1,8.6,10.9,가솔린,2017,경차,현대,149~155g/km
597,8.2,8.9,7.6,8.7,8.2,8.8,6.9,10.0,디젤,2022,경차,현대,196g/km
601,8.8,9.6,7.9,9.4,9.6,9.1,7.3,9.5,가솔린,2015,경차,렉서스,185g/km
603,9.1,9.6,8.6,8.6,9.5,9.8,8.6,13.0,디젤,2016,경차,메르세데스-벤츠,148g/km
606,8.6,8.8,8.6,8.5,8.2,9.0,8.6,15.2,디젤,2016,경차,현대,125~129g/km
607,9.1,9.8,8.5,8.6,9.4,9.7,8.7,14.1,디젤,2020,경차,BMW,134g/km
609,8.4,8.6,8.3,8.1,8.3,8.8,8.1,13.5,가솔린,2014,경차,현대,128g/km
610,8.1,8.3,8.6,8.0,8.0,8.3,7.5,12.3,가솔린,2016,경차,기아,141g/km
611,8.9,9.7,7.7,8.9,8.9,9.6,9.2,5.6,전기,2022,대형/프리미엄,기아,
612,8.9,9.3,9.2,9.4,9.1,9.0,7.5,11.7,디젤,2020,경차,현대,159~164g/km
613,9.2,9.8,8.9,8.8,9.5,9.6,9.0,12.4,가솔린,2021,경차,BMW,135g/km
615,9.2,9.9,7.7,8.7,9.7,9.8,9.4,4.3,전기,2022,대형/프리미엄,제네시스,
617,9.2,9.7,8.9,8.3,9.3,9.6,9.2,14.3,디젤,2019,경차,BMW,132g/km
620,9.0,10.0,10.0,8.0,8.0,10.0,8.0,7.6,가솔린,2022,경차,BMW,230g/km
622,8.9,9.3,8.4,8.9,8.8,9.6,8.4,13.6,가솔린,2024,경차,르노코리아,121g/km
623,9.2,9.6,8.1,9.5,9.3,9.8,8.8,8.3,가솔린,2023,경차,메르세데스-벤츠,220g/km
624,8.4,8.8,8.3,9.0,8.5,9.0,7.1,10.3,디젤,2019,경차,기아,189g/km
625,8.3,8.3,8.6,8.1,8.2,8.4,8.3,15.2,가솔린,2015,경차,기아,104~112g/km
627,8.7,9.3,7.8,8.6,8.9,9.6,8.2,8.3,가솔린,2022,경차,메르세데스-벤츠,220g/km
628,9.2,9.6,8.5,9.7,9.4,9.3,8.6,9.3,가솔린,2022,경차,제네시스,184g/km
629,8.7,8.4,7.7,8.7,8.5,9.7,9.0,14.7,가솔린,2024,경차,기아,112g/km
631,8.6,8.9,8.9,8.7,8.7,8.5,7.8,14.1,디젤,2020,경차,기아,131~134g/km
633,9.2,9.2,8.3,8.8,9.6,9.4,9.7,18.1,가솔린,2014,경차,렉서스,91g/km
638,9.1,9.6,8.5,9.0,9.4,9.6,8.6,9.5,가솔린,2019,경차,BMW,181g/km
642,7.5,8.3,7.6,7.3,7.6,7.5,6.6,8.8,디젤,2023,경차,현대,204~221g/km
643,7.3,8.1,7.6,7.2,7.3,7.6,6.1,9.0,디젤,2020,경차,기아,195~216g/km
645,9.3,9.7,9.0,8.8,9.7,9.8,8.8,11.4,가솔린,2021,경차,BMW,149g/km
647,9.3,9.9,9.2,9.2,9.8,9.9,7.6,9.4,가솔린,2022,경차,BMW,183g/km
648,9.3,9.8,9.1,9.6,9.6,9.7,8.2,7.8,가솔린,2024,경차,BMW,218g/km
649,8.8,9.4,8.5,7.5,9.0,9.7,8.4,16.3,디젤,2015,경차,BMW,117~119g/km
650,7.8,7.8,7.7,7.3,7.4,9.3,7.4,12.0,가솔린,2020,경차,르노코리아,139~141g/km
652,8.8,8.7,9.4,8.9,8.7,9.3,7.9,11.6,가솔린,2021,경차,르노코리아,140~146g/km
655,8.7,9.1,8.7,9.1,8.8,9.1,7.3,11.0,가솔린,2018,경차,현대,150~153g/km
656,9.6,9.9,8.3,9.8,9.8,9.6,10.0,3.4,전기,2024,대형/프리미엄,BMW,
657,8.7,9.9,9.1,9.0,9.6,8.3,6.3,7.1,가솔린,2019,경차,BMW,218g/km
658,9.1,9.3,9.0,9.0,9.1,9.6,8.9,12.1,가솔린,2024,경차,기아,139g/km
661,7.9,9.8,8.9,6.2,7.7,9.2,5.7,10.5,가솔린,2018,경차,현대,159~162g/km
662,9.1,9.7,8.9,8.1,9.4,9.6,8.9,11.2,가솔린,2022,경차,BMW,151g/km
663,9.4,9.5,9.2,9.6,9.8,8.9,9.4,9.4,가솔린,2018,경차,렉서스,179g/km
664,8.8,10.0,9.1,9.4,10.0,9.9,4.4,7.8,가솔린,2017,경차,BMW,226g/km
667,7.5,8.3,7.6,7.3,7.6,7.5,6.6,,디젤,2020,경차,현대,
669,8.6,8.8,8.5,9.0,8.6,8.3,8.3,13.2,가솔린,2020,경차,현대,122~127g/km
672,7.8,7.8,7.7,7.3,7.4,9.3,7.4,12.0,가솔린,2017,경차,르노코리아,137~141g/km
674,8.8,8.9,9.1,8.1,8.3,9.5,8.6,13.4,가솔린,2022,경차,르노코리아,121~123g/km
676,9.2,9.6,8.1,9.5,9.3,9.8,8.8,8.3,가솔린,2022,경차,메르세데스-벤츠,220g/km
678,9.1,9.9,7.4,9.3,9.7,9.8,8.7,4.6,전기,2024,대형/프리미엄,제네시스,
679,9.2,9.7,8.9,8.3,9.3,9.6,9.2,18.5,디젤,2015,경차,BMW,103g/km
683,7.4,7.7,8.2,7.2,7.4,6.8,7.3,12.4,가솔린,2014,경차,현대,135~140g/km
684,8.6,8.8,8.6,8.5,8.2,9.0,8.6,15.6,디젤,2015,경차,현대,124g/km
685,9.0,9.7,9.3,9.7,9.4,9.1,6.7,8.7,가솔린,2022,경차,기아,199g/km
686,8.9,9.1,8.7,9.0,8.7,8.8,9.2,16.4,전기,2017,경차,기아,29g/km
687,9.1,9.3,9.0,9.0,9.1,9.6,8.9,14.1,가솔린,2022,경차,기아,108~117g/km
688,9.2,9.6,8.5,9.7,9.4,9.3,8.6,9.3,가솔린,2024,경차,제네시스,184g/km
689,8.6,9.1,8.7,9.0,8.7,9.1,7.2,11.3,가솔린,2016,경차,현대,156g/km
690,8.8,9.1,8.4,8.8,8.7,9.6,8.3,11.8,가솔린,2021,경차,기아,132~143g/km
691,8.9,9.3,8.2,9.2,9.5,9.5,7.5,17.2,가솔린,2021,경차,렉서스,93g/km
692,8.9,9.4,7.0,9.3,9.0,9.5,9.1,16.7,가솔린,2024,경차,기아,96g/km
693,8.5,9.9,8.1,8.4,9.0,9.4,6.0,6.7,가솔린,2022,경차,BMW,258g/km
695,9.2,9.2,8.3,8.8,9.6,9.4,9.7,17.0,가솔린,2017,경차,렉서스,93g/km
696,8.7,9.7,9.4,6.9,9.0,10.0,7.3,9.2,가솔린,2014,경차,BMW,193g/km
698,9.0,9.2,8.0,8.9,8.7,9.7,9.5,19.1,가솔린,2021,경차,기아,79~83g/km
699,8.9,9.4,8.7,7.7,8.5,10.0,9.4,13.7,전기,2015,경차,BMW,47g/km
700,8.7,9.6,7.7,8.0,8.7,9.9,8.1,11.9,가솔린,2024,경차,메르세데스-벤츠,144g/km
701,9.1,9.4,8.5,9.3,9.3,9.5,8.8,12.5,가솔린,2024,경차,현대,133g/km
703,8.2,9.8,8.1,8.8,8.7,9.8,4.3,7.1,가솔린,2020,경차,BMW,239~247g/km
705,8.0,7.6,8.0,8.9,8.0,8.8,6.6,13.5,가솔린,2015,경차,기아,128g/km
707,9.0,9.5,8.6,8.3,9.2,9.4,8.6,14.3,디젤,2020,경차,BMW,133g/km
708,9.2,9.6,8.5,9.7,9.4,9.3,8.6,8.2,가솔린,2023,경차,제네시스,209g/km
709,8.8,9.6,8.2,8.5,9.7,9.0,7.6,9.3,가솔린,2019,경차,메르세데스-벤츠,189g/km
711,8.7,9.2,8.4,8.2,8.9,9.4,8.1,11.2,가솔린,2017,경차,메르세데스-벤츠,
712,8.2,9.7,6.8,8.3,10.0,9.7,4.5,7.9,가솔린,2021,경차,렉서스,222g/km
713,9.3,9.8,8.8,9.3,9.5,9.4,9.1,11.6,디젤,2020,경차,BMW,150g/km
716,9.4,9.8,8.2,9.6,9.7,9.5,9.8,3.3,전기,2023,대형/프리미엄,메르세데스-벤츠,
719,9.3,9.8,9.1,9.6,9.6,9.7,8.2,9.5,디젤,2019,경차,BMW,206g/km
720,9.7,9.6,8.9,10.0,10.0,9.8,10.0,13.6,가솔린,2023,경차,렉서스,119g/km
721,9.2,9.7,7.1,9.6,9.5,9.7,9.6,18.8,가솔린,2024,경차,기아,79~84g/km
722,8.9,9.5,9.3,9.5,9.2,9.1,6.7,8.7,가솔린,2021,경차,기아,199g/km
723,8.8,9.1,8.8,8.9,8.8,9.1,8.2,13.1,디젤,2017,경차,현대,143~151g/km
724,8.7,9.3,7.8,8.6,8.9,9.6,8.2,12.9,디젤,2017,경차,메르세데스-벤츠,148g/km
726,8.7,8.9,7.7,9.2,8.8,9.6,7.9,12.0,가솔린,2022,경차,기아,133~139g/km
727,8.7,8.9,8.7,8.7,8.5,9.0,8.2,11.3,가솔린,2018,경차,현대,141~148g/km
729,9.0,9.6,8.9,9.6,9.3,9.5,7.4,5.1,전기,2024,대형/프리미엄,기아,
730,9.0,9.5,8.6,8.3,9.2,9.4,8.6,14.3,디젤,2021,경차,BMW,133g/km
731,9.1,9.8,8.4,8.6,9.4,9.8,8.9,10.7,디젤,2015,경차,BMW,0~162g/km
732,9.0,10.0,10.0,8.0,8.0,10.0,8.0,7.3,가솔린,2023,경차,BMW,237g/km
735,8.6,9.0,8.1,8.8,8.4,9.7,7.8,13.2,가솔린,2023,경차,기아,122~127g/km
736,8.2,9.8,8.1,8.8,8.7,9.8,4.3,7.7,가솔린,2023,경차,BMW,224g/km
738,8.6,9.3,8.3,9.1,8.7,8.6,7.5,13.7,디젤,2022,경차,현대,135~139g/km
740,8.6,8.9,8.4,8.8,8.5,9.0,7.9,14.4,디젤,2015,경차,현대,137g/km
741,9.1,9.1,8.5,9.1,9.7,9.4,8.8,9.3,가솔린,2021,경차,렉서스,186g/km
742,8.1,8.3,8.6,8.0,8.0,8.3,7.5,12.5,가솔린,2015,경차,기아,139g/km
743,8.2,8.7,8.5,7.9,8.8,7.9,7.3,10.6,가솔린,2016,경차,르노코리아,166g/km
744,8.0,8.2,7.7,6.9,7.4,8.4,9.6,18.5,디젤,2015,경차,르노코리아,103g/km
745,8.7,9.2,8.4,8.2,8.9,9.4,8.1,16.2,디젤,2016,경차,메르세데스-벤츠,
748,8.7,9.0,8.0,9.0,8.8,9.1,8.6,10.9,가솔린,2018,경차,현대,149~155g/km
749,9.1,9.7,8.9,8.1,9.4,9.6,8.9,14.3,디젤,2021,경차,BMW,132g/km
750,9.1,9.5,8.5,9.4,9.2,8.7,9.3,14.3,가솔린,2021,경차,현대,106~114g/km
751,8.9,9.4,7.5,9.1,9.2,9.8,8.6,14.1,디젤,2024,경차,메르세데스-벤츠,134g/km
752,8.6,9.3,7.8,9.2,9.0,9.7,6.7,9.7,가솔린,2020,경차,제네시스,175g/km
753,9.1,9.6,8.6,8.6,9.5,9.8,8.6,7.1,가솔린,2015,경차,메르세데스-벤츠,256g/km
754,9.3,9.9,9.2,9.2,9.8,9.9,7.6,7.7,가솔린,2024,경차,BMW,224g/km
755,8.7,9.9,9.1,9.0,9.6,8.3,6.3,7.6,가솔린,2021,경차,BMW,224~225g/km
756,9.0,9.9,8.8,8.7,7.9,9.4,9.3,5.7,전기,2022,대형/프리미엄,테슬라,
757,8.4,8.5,8.8,8.3,8.3,8.4,8.1,14.0,가솔린,2014,경차,현대,122~123g/km
759,8.7,9.3,8.1,9.2,8.4,9.5,7.9,13.7,디젤,2023,경차,기아,134~139g/km
761,8.9,9.4,8.4,8.4,9.2,9.8,8.1,9.5,가솔린,2019,경차,BMW,181g/km
762,9.5,9.7,8.5,9.7,9.8,9.8,9.3,10.0,전기,2024,경차,BMW,42g/km
763,9.1,9.4,8.2,9.7,9.3,8.9,9.2,15.5,가솔린,2024,경차,현대,104g/km
764,9.3,9.9,9.2,9.2,9.8,9.9,7.6,9.5,가솔린,2021,경차,BMW,181g/km
768,7.7,8.4,7.9,7.8,7.8,8.2,6.3,9.7,디젤,2020,경차,현대,177~203g/km
773,9.0,9.5,8.8,8.7,8.8,9.1,9.2,17.3,디젤,2015,경차,현대,108~111g/km
775,9.3,9.4,8.9,9.4,9.2,9.3,9.4,16.2,가솔린,2019,경차,현대,97g/km
777,9.1,9.6,8.5,9.0,9.4,9.6,8.6,9.8,가솔린,2022,경차,BMW,173g/km
779,9.1,9.1,8.5,9.1,9.7,9.4,8.8,9.3,가솔린,2018,경차,렉서스,186g/km
781,9.2,9.8,8.2,9.2,9.6,9.7,8.5,10.0,디젤,2019,경차,BMW,195g/km
782,9.5,9.6,8.9,9.6,9.7,9.6,9.8,17.2,가솔린,2021,경차,렉서스,93g/km
783,8.8,8.9,8.9,8.5,8.5,9.1,9.0,14.4,가솔린,2019,경차,기아,108~114g/km
786,8.9,9.4,8.7,9.6,9.2,9.5,7.1,12.0,디젤,2022,경차,현대,154~159g/km
787,8.4,8.6,9.1,8.7,8.4,8.4,7.1,10.2,가솔린,2015,경차,르노코리아,174g/km
788,8.7,9.2,8.4,9.2,8.6,9.3,7.6,12.6,디젤,2021,경차,기아,153g/km
789,8.6,8.0,8.0,9.2,8.8,9.4,8.0,12.7,가솔린,2023,경차,기아,127~131g/km
790,9.1,9.9,7.4,9.3,9.7,9.8,8.7,4.6,전기,2023,대형/프리미엄,제네시스,
791,8.9,9.3,9.2,9.4,9.1,9.0,7.5,12.0,디젤,2019,경차,현대,155~160g/km
792,8.6,9.0,8.8,8.4,8.5,9.0,7.9,13.8,디젤,2015,경차,기아,136~143g/km
793,8.9,9.5,9.2,7.2,9.4,9.6,8.6,10.7,가솔린,2021,경차,BMW,159g/km
796,8.9,9.2,8.8,9.4,9.1,9.0,7.7,11.3,디젤,2017,경차,현대,154~171g/km
797,8.9,9.4,8.4,8.4,9.2,9.8,8.1,9.5,가솔린,2021,경차,BMW,181g/km
801,8.8,9.6,8.2,8.5,9.7,9.0,7.6,7.8,가솔린,2014,경차,메르세데스-벤츠,230g/km
803,8.6,9.0,8.3,8.9,8.6,7.7,9.1,18.0,가솔린,2017,경차,현대,88g/km
805,8.7,9.9,8.0,8.8,9.4,9.4,7.0,8.3,가솔린,2023,경차,BMW,206g/km
807,9.1,9.7,8.9,8.1,9.4,9.6,8.9,14.3,디젤,2020,경차,BMW,
809,8.6,8.9,8.7,8.6,8.4,8.4,8.5,12.4,디젤,2016,경차,기아,130~161g/km
812,9.3,9.4,8.9,9.5,9.1,9.4,9.4,16.2,가솔린,2021,경차,기아,97g/km
814,9.2,9.7,8.9,8.3,9.3,9.6,9.2,15.1,디젤,2016,경차,BMW,117g/km
815,8.8,9.4,8.1,9.3,9.0,9.7,7.2,14.6,디젤,2020,경차,제네시스,130g/km
816,8.8,8.9,8.7,8.6,8.9,7.9,9.7,17.1,가솔린,2022,경차,기아,79~92g/km
824,7.5,8.3,7.6,7.3,7.6,7.5,6.6,8.9,디젤,2019,경차,현대,202~220g/km
825,8.7,8.8,8.7,8.8,8.6,8.5,8.6,16.8,가솔린,2014,경차,현대,100g/km
826,8.4,9.5,8.5,8.3,8.2,9.8,5.8,9.6,가솔린,2018,경차,기아,161~175g/km
828,9.3,9.8,8.8,9.3,9.5,9.4,9.1,11.6,디젤,2018,경차,BMW,163g/km
829,8.2,7.7,7.8,9.0,8.2,9.1,7.2,12.7,가솔린,2018,경차,기아,127~130g/km
835,9.2,9.4,8.5,9.5,9.5,9.2,8.9,8.9,가솔린,2018,경차,렉서스,193g/km
836,9.3,9.9,9.2,9.2,9.8,9.9,7.6,7.6,가솔린,2024,경차,BMW,226g/km
837,8.6,9.3,7.8,9.2,9.0,9.7,6.7,9.7,가솔린,2023,경차,제네시스,175g/km
838,9.1,9.1,8.5,9.1,9.7,9.4,8.8,12.8,가솔린,2020,경차,렉서스,129g/km
842,8.5,9.9,8.1,8.4,9.0,9.4,6.0,6.7,가솔린,2023,경차,BMW,258g/km
845,8.8,9.4,8.5,7.5,9.0,9.7,8.4,11.1,가솔린,2019,경차,BMW,156g/km
847,8.9,9.6,7.8,9.8,9.7,9.8,6.9,8.2,가솔린,2024,경차,제네시스,209g/km
848,9.1,9.5,8.5,9.4,9.2,8.7,9.3,14.3,가솔린,2022,경차,현대,106~114g/km
849,9.4,9.8,8.2,9.6,9.7,9.5,9.8,4.3,전기,2024,대형/프리미엄,메르세데스-벤츠,
852,9.2,9.9,7.7,8.7,9.7,9.8,9.4,4.3,전기,2023,대형/프리미엄,제네시스,
853,8.9,9.1,8.8,8.9,8.6,9.6,8.7,14.9,가솔린,2022,경차,현대,106~110g/km
854,8.9,9.7,7.9,8.2,9.3,9.9,8.6,8.2,가솔린,2015,경차,BMW,219g/km
858,9.1,9.8,8.5,8.6,9.4,9.7,8.7,11.0,가솔린,2022,경차,BMW,154g/km
860,8.7,9.9,9.1,9.0,9.6,8.3,6.3,7.6,가솔린,2023,경차,BMW,225g/km
863,8.0,8.0,8.4,7.9,7.9,7.8,7.7,15.0,가솔린,2014,경차,르노코리아,114g/km
866,9.1,9.7,8.6,8.8,9.1,9.1,9.3,5.6,전기,2021,대형/프리미엄,기아,
868,9.1,9.8,8.5,8.6,9.4,9.7,8.7,11.7,가솔린,2022,경차,BMW,143g/km
869,9.5,9.7,9.0,9.3,9.5,9.7,9.5,12.1,가솔린,2024,경차,BMW,137g/km
871,8.2,7.7,7.8,9.0,8.2,9.1,7.2,12.7,가솔린,2020,경차,기아,127~131g/km
875,7.3,8.1,7.6,7.2,7.3,7.6,6.1,6.5,LPG,2024,경차,기아,188~204g/km
878,7.7,8.4,7.9,7.8,7.8,8.2,6.3,8.9,디젤,2018,경차,현대,222g/km
880,8.7,9.9,8.9,8.6,9.8,9.9,5.4,7.8,가솔린,2022,경차,BMW,222g/km
884,8.2,8.9,7.6,8.7,8.2,8.8,6.9,7.0,LPG,2024,경차,현대,189g/km
886,9.2,9.7,8.9,8.3,9.3,9.6,9.2,12.6,디젤,2018,경차,BMW,138~152g/km
888,8.0,8.2,9.0,8.1,8.0,7.9,6.9,12.6,가솔린,2015,경차,르노코리아,138g/km
889,8.0,8.7,8.4,6.7,7.8,9.2,7.0,12.4,가솔린,2014,경차,현대,127~140g/km
890,8.8,8.9,9.1,8.1,8.3,9.5,8.6,13.4,가솔린,2024,경차,르노코리아,121~123g/km
892,8.8,9.1,8.4,8.8,8.7,9.6,8.3,11.8,가솔린,2022,경차,기아,132~143g/km
893,8.3,8.3,8.7,8.4,8.5,9.1,7.0,11.5,가솔린,2014,경차,기아,0.0~152g/km
896,8.9,9.4,7.7,9.2,8.8,9.5,9.1,16.2,가솔린,2021,경차,현대,99g/km
897,9.1,9.6,8.5,9.0,9.4,9.6,8.6,9.5,가솔린,2021,경차,BMW,181g/km
898,8.0,8.2,7.7,6.9,7.4,8.4,9.6,17.7,디젤,2016,경차,르노코리아,108g/km
901,8.0,7.6,8.0,8.9,8.0,8.8,6.6,13.5,가솔린,2014,경차,기아,117~126g/km
903,8.5,9.4,9.0,6.2,8.8,9.6,8.2,9.5,가솔린,2016,경차,메르세데스-벤츠,178g/km
904,9.3,9.8,9.1,9.6,9.6,9.7,8.2,9.5,디젤,2020,경차,BMW,206g/km
905,8.4,8.3,8.4,8.2,8.3,8.7,8.3,14.7,가솔린,2019,경차,기아,101~111g/km
907,9.3,9.6,8.6,9.6,9.3,9.4,9.5,17.1,가솔린,2023,경차,기아,88~94g/km
909,9.3,9.9,9.2,9.2,9.8,9.9,7.6,7.7,가솔린,2023,경차,BMW,224g/km
913,8.6,9.1,8.1,8.9,8.8,9.5,7.3,11.8,가솔린,2024,경차,기아,130~142g/km
915,8.5,8.5,9.1,8.7,8.6,8.0,8.2,9.0,LPG,2015,경차,기아,140~149g/km
917,9.4,9.9,9.1,9.3,9.8,9.8,9.7,4.9,전기,2023,대형/프리미엄,메르세데스-벤츠,
918,8.4,9.8,8.9,7.9,9.1,9.6,5.4,12.0,가솔린,2014,경차,BMW,194g/km
922,8.2,9.7,6.8,8.3,10.0,9.7,4.5,7.9,가솔린,2018,경차,렉서스,222g/km
925,9.1,9.8,8.4,8.6,9.4,9.8,8.9,10.5,디젤,2017,경차,BMW,185g/km
926,9.1,9.6,8.6,8.6,9.5,9.8,8.6,7.2,가솔린,2014,경차,메르세데스-벤츠,250g/km
927,9.2,9.4,8.7,9.5,9.3,9.0,9.3,15.2,가솔린,2020,경차,현대,97~108g/km
930,8.3,8.4,8.9,8.0,8.2,8.8,7.8,13.3,가솔린,2014,경차,기아,117~129g/km
932,9.0,8.9,8.8,8.4,8.9,8.9,9.8,22.4,가솔린,2019,경차,현대,69g/km
933,9.2,9.5,9.1,9.3,9.0,9.7,8.6,14.2,디젤,2021,경차,메르세데스-벤츠,133g/km
934,8.7,9.6,8.0,8.3,9.2,9.9,6.9,7.6,가솔린,2015,경차,메르세데스-벤츠,236g/km
936,9.2,10.0,7.7,10.0,10.0,10.0,7.3,7.7,가솔린,2018,경차,렉서스,226g/km
937,9.2,9.8,7.8,9.5,9.5,9.5,9.3,5.1,전기,2023,대형/프리미엄,제네시스,
939,9.1,9.8,8.5,8.6,9.4,9.7,8.7,11.7,가솔린,2021,경차,BMW,143g/km
942,9.1,9.1,8.5,9.1,9.7,9.4,8.8,9.3,가솔린,2018,경차,렉서스,186g/km
943,9.1,9.3,9.0,9.0,9.1,9.6,8.9,12.1,가솔린,2023,경차,기아,139g/km
944,9.2,9.5,9.1,9.3,9.0,9.7,8.6,9.0,가솔린,2023,경차,메르세데스-벤츠,191g/km
945,8.7,9.6,7.7,8.0,8.7,9.9,8.1,10.8,가솔린,2022,경차,메르세데스-벤츠,158g/km
946,9.0,9.2,8.0,9.4,8.8,9.6,9.0,14.3,가솔린,2022,경차,기아,106~115g/km
948,9.3,9.9,9.2,9.2,9.8,9.9,7.6,9.4,가솔린,2021,경차,BMW,183g/km
949,9.5,9.6,8.9,9.6,9.7,9.6,9.8,16.8,가솔린,2024,경차,렉서스,91~94g/km
954,8.9,9.5,9.3,9.5,9.2,9.1,6.7,8.7,가솔린,2018,경차,기아,199g/km
955,8.8,9.6,8.2,8.5,9.7,9.0,7.6,9.3,가솔린,2016,경차,메르세데스-벤츠,189g/km
958,8.8,9.4,8.5,7.5,9.0,9.7,8.4,20.8,디젤,2014,경차,BMW,
961,7.4,7.7,8.2,7.2,7.4,6.8,7.3,12.4,가솔린,2015,경차,현대,135~140g/km
963,9.0,9.5,8.6,8.3,9.2,9.4,8.6,11.0,가솔린,2024,경차,BMW,154g/km
968,9.3,9.4,8.9,9.4,9.2,9.3,9.4,16.2,가솔린,2018,경차,현대,97g/km
969,8.8,9.0,8.8,8.2,8.8,8.6,9.8,22.4,가솔린,2016,경차,현대,69g/km
971,9.0,9.9,9.5,9.2,8.4,9.8,7.5,10.4,가솔린,2023,경차,현대,159~163g/km
972,9.1,9.8,8.5,8.6,9.4,9.7,8.7,14.3,디젤,2020,경차,BMW,132g/km
973,8.8,9.6,8.2,8.5,9.7,9.0,7.6,9.7,가솔린,2015,경차,메르세데스-벤츠,183g/km
975,8.6,9.2,8.5,7.8,8.7,9.7,8.1,9.9,가솔린,2017,경차,메르세데스-벤츠,176g/km
976,8.4,10.0,8.4,7.1,8.8,9.4,6.5,8.5,가솔린,2023,경차,BMW,203g/km
979,8.7,9.0,8.0,9.0,8.8,9.1,8.6,10.4,가솔린,2017,경차,현대,158~163g/km
983,8.1,8.3,8.6,8.0,8.0,8.3,7.5,14.0,가솔린,2014,경차,기아,118~122g/km
986,9.2,9.7,8.9,8.3,9.3,9.6,9.2,12.8,디젤,2018,경차,BMW,149g/km
987,9.2,9.8,8.2,9.2,9.6,9.7,8.5,10.7,디젤,2022,경차,BMW,181g/km
988,8.5,8.7,9.0,8.0,8.2,8.2,8.8,13.1,가솔린,2018,경차,현대,125g/km
990,8.8,9.5,9.2,8.9,9.0,9.2,7.2,12.4,가솔린,2019,경차,기아,134~137g/km
991,8.7,10.0,8.9,8.1,9.6,9.9,5.5,6.8,가솔린,2021,경차,BMW,256g/km
993,9.1,9.6,8.8,8.9,9.2,9.2,9.0,14.5,디젤,2014,경차,BMW,135g/km
994,8.5,9.3,8.2,8.7,9.0,9.2,6.6,10.3,디젤,2016,경차,기아,189~197g/km
995,7.5,8.3,7.6,7.3,7.6,7.5,6.6,9.0,디젤,2021,경차,현대,195~216g/km
996,8.8,9.0,8.8,8.2,8.8,8.6,9.8,22.4,가솔린,2017,경차,현대,69g/km
998,9.1,9.8,8.4,9.1,9.2,9.5,8.7,10.5,디젤,2018,경차,BMW,185g/km
1000,8.4,9.6,8.0,8.1,9.1,9.0,6.9,8.3,가솔린,2024,경차,BMW,208g/km
1002,9.3,9.7,9.0,8.8,9.7,9.8,8.8,11.4,가솔린,2022,경차,BMW,149g/km
1003,8.6,9.3,8.2,8.9,9.1,9.5,6.7,9.3,디젤,2020,경차,기아,209~211g/km
1004,8.1,8.0,8.5,7.9,8.0,8.3,7.8,15.2,가솔린,2014,경차,기아,98~112g/km
1005,8.9,9.4,7.0,9.3,9.0,9.5,9.1,16.7,가솔린,2023,경차,기아,96g/km
1006,9.1,9.8,7.7,9.4,9.4,9.6,8.7,5.5,전기,2024,대형/프리미엄,현대,
1007,9.2,9.6,9.5,8.5,10.0,9.5,7.9,10.1,가솔린,2016,경차,렉서스,170g/km
1008,8.9,9.4,7.7,9.2,8.8,9.5,9.1,15.8,가솔린,2023,경차,현대,99~102g/km
1011,8.6,9.3,8.4,8.2,9.6,9.3,7.0,10.2,가솔린,2020,경차,렉서스,170g/km
1015,8.3,8.5,8.5,8.3,8.2,8.9,7.6,11.9,가솔린,2014,경차,기아,142~147g/km
1017,8.8,8.9,9.1,8.4,8.6,9.1,8.7,13.1,가솔린,2016,경차,현대,121~126g/km
1018,8.0,8.5,8.2,8.2,8.0,8.2,6.9,6.3,LPG,2017,경차,현대,218g/km
1021,8.7,9.4,7.9,8.8,8.6,8.7,8.6,5.3,전기,2024,대형/프리미엄,기아,
1022,8.4,8.2,8.9,8.2,8.0,9.2,7.8,12.5,디젤,2016,경차,르노코리아,148~153g/km
1023,8.7,9.2,7.8,8.2,8.9,8.5,9.5,17.4,가솔린,2022,경차,현대,82~92g/km
1025,8.7,9.1,8.7,9.3,8.8,8.8,7.3,11.1,가솔린,2022,경차,현대,142~153g/km
1026,8.3,9.0,9.0,8.6,8.5,8.4,6.4,5.0,전기,2015,대형/프리미엄,기아,
1030,8.6,9.2,8.5,7.8,8.7,9.7,8.1,9.9,가솔린,2018,경차,메르세데스-벤츠,176g/km
1031,8.9,9.3,8.4,8.9,8.8,9.6,8.4,12.9,가솔린,2021,경차,르노코리아,121~128g/km
1033,8.2,9.5,8.1,7.3,8.9,9.6,5.9,10.4,가솔린,2019,경차,제네시스,156~161g/km
1037,8.8,9.5,8.6,9.4,9.3,9.4,6.7,7.2,가솔린,2016,경차,제네시스,239g/km
1039,9.3,9.9,9.2,9.2,9.8,9.9,7.6,7.6,가솔린,2023,경차,BMW,226g/km
1041,9.1,9.7,8.9,8.1,9.4,9.6,8.9,11.2,가솔린,2023,경차,BMW,151g/km
1042,8.4,8.8,8.5,8.9,8.4,8.9,7.2,10.3,디젤,2015,경차,기아,197g/km
1046,8.7,9.9,8.9,8.6,9.8,9.9,5.4,,가솔린,2016,경차,BMW,199g/km
1047,8.5,8.8,8.8,9.0,8.7,8.1,7.9,11.6,가솔린,2018,경차,현대,136~143g/km
1048,8.6,9.3,8.2,8.9,9.1,9.5,6.7,9.3,디젤,2021,경차,기아,210~212g/km
1051,8.4,8.8,8.3,9.0,8.5,9.0,7.1,11.3,디젤,2019,경차,기아,171g/km
1052,8.5,8.7,9.0,8.0,8.2,8.2,8.8,14.1,가솔린,2014,경차,현대,122g/km
1053,9.2,9.6,8.5,9.7,9.4,9.3,8.6,8.2,가솔린,2024,경차,제네시스,209g/km
1055,9.4,9.9,9.1,9.3,9.8,9.8,9.7,4.0,전기,2022,대형/프리미엄,메르세데스-벤츠,
1056,8.6,8.0,8.0,9.2,8.8,9.4,8.0,12.7,가솔린,2024,경차,기아,127~131g/km
1057,8.9,9.4,7.5,9.1,9.2,9.8,8.6,8.0,가솔린,2024,경차,메르세데스-벤츠,216g/km
1058,9.0,9.7,8.0,9.5,9.0,9.4,8.8,5.1,전기,2023,대형/프리미엄,현대,
1059,8.7,9.2,8.4,8.2,8.9,9.4,8.1,9.4,가솔린,2018,경차,메르세데스-벤츠,
1060,8.3,8.2,7.8,8.3,8.4,8.9,8.1,15.7,가솔린,2021,경차,기아,104g/km
1062,9.1,9.8,8.4,9.1,9.2,9.5,8.7,12.3,디젤,2014,경차,BMW,162g/km
1064,8.7,9.3,7.8,8.6,8.9,9.6,8.2,12.9,디젤,2016,경차,메르세데스-벤츠,148g/km
1065,8.7,9.2,8.4,9.2,8.6,9.3,7.6,11.0,디젤,2022,경차,기아,176g/km
1069,8.7,9.9,8.0,8.8,9.4,9.4,7.0,8.3,가솔린,2023,경차,BMW,206g/km
1070,9.0,9.6,8.7,8.6,8.4,9.7,8.8,10.4,가솔린,2021,경차,현대,158~164g/km
1071,8.5,9.4,9.0,6.2,8.8,9.6,8.2,12.9,디젤,2016,경차,메르세데스-벤츠,148g/km
1072,9.5,9.9,9.2,9.5,9.7,9.8,8.7,4.1,전기,2024,대형/프리미엄,BMW,
1073,9.1,9.1,8.5,9.1,9.7,9.4,8.8,9.3,가솔린,2021,경차,렉서스,186g/km
1075,8.9,9.6,8.2,9.5,8.8,9.4,7.7,9.8,디젤,2020,경차,메르세데스-벤츠,199g/km
1076,8.8,9.9,7.9,9.6,7.4,9.1,9.2,5.1,전기,2024,대형/프리미엄,테슬라,
1077,8.9,9.5,9.2,7.2,9.4,9.6,8.6,10.7,가솔린,2024,경차,BMW,159g/km
1078,8.4,8.8,8.5,8.9,8.4,8.9,7.2,11.2,디젤,2017,경차,기아,179g/km
1080,8.4,9.5,8.5,8.3,8.2,9.8,5.8,10.4,가솔린,2020,경차,기아,161g/km
1081,9.2,9.8,8.9,8.8,9.5,9.6,9.0,10.9,가솔린,2020,경차,BMW,153g/km
1082,9.1,9.6,8.8,9.0,8.8,9.0,9.3,93.7,"전기, 수소",2018,대형/프리미엄,현대,
1083,9.3,9.7,9.0,8.8,9.7,9.8,8.8,11.4,가솔린,2023,경차,BMW,149g/km
1084,8.7,9.4,7.9,8.8,8.6,8.7,8.6,5.3,전기,2023,대형/프리미엄,기아,
1085,8.9,9.4,7.0,9.3,9.0,9.5,9.1,16.7,가솔린,2022,경차,기아,96g/km
1092,9.2,9.8,8.9,8.8,9.5,9.6,9.0,12.4,가솔린,2022,경차,BMW,135g/km
1095,9.5,9.7,9.4,9.1,9.6,9.7,9.4,13.1,디젤,2014,경차,메르세데스-벤츠,151g/km
1097,8.9,9.4,8.4,8.4,9.2,9.8,8.1,9.9,가솔린,2023,경차,BMW,172g/km
1099,9.2,9.6,9.5,8.5,10.0,9.5,7.9,12.7,가솔린,2018,경차,렉서스,132g/km
1100,8.6,9.0,8.1,8.8,8.4,9.7,7.8,13.2,가솔린,2020,경차,기아,121~127g/km
1101,9.2,9.9,8.8,9.3,8.4,9.6,9.5,,전기,2017,대형/프리미엄,테슬라,
1102,9.3,9.7,9.0,8.8,9.7,9.8,8.8,11.2,가솔린,2024,경차,BMW,150g/km
1103,8.6,9.3,7.8,9.2,9.0,9.7,6.7,9.7,가솔린,2021,경차,제네시스,175g/km
1106,8.5,8.8,8.8,9.0,8.7,8.1,7.9,11.6,가솔린,2017,경차,현대,136~143g/km
1107,9.0,9.8,8.2,8.6,9.4,9.9,7.9,10.0,디젤,2021,경차,BMW,194g/km
1108,8.6,9.3,8.2,8.9,9.1,9.5,6.7,9.3,디젤,2024,경차,기아,211~212g/km
1110,8.7,8.8,8.5,8.6,8.5,9.0,8.5,16.8,가솔린,2014,경차,기아,100g/km
1112,9.1,9.8,8.5,8.6,9.4,9.7,8.7,11.2,가솔린,2024,경차,BMW,149g/km
1113,8.9,9.6,8.2,8.1,8.9,9.7,8.6,13.0,디젤,2019,경차,메르세데스-벤츠,146g/km
1114,8.7,8.8,9.2,8.5,8.5,8.5,8.8,12.6,가솔린,2018,경차,기아,121~132g/km
1115,9.0,9.6,9.1,9.4,9.5,8.5,7.8,11.2,디젤,2015,경차,현대,180g/km
1116,8.7,9.9,8.9,8.6,9.8,9.9,5.4,7.1,가솔린,2021,경차,BMW,247g/km
1117,8.7,8.9,8.2,9.2,8.6,9.5,7.9,12.0,가솔린,2021,경차,현대,133~139g/km
1118,7.7,8.4,7.9,7.8,7.8,8.2,6.3,,디젤,2018,경차,현대,
1119,8.4,8.8,8.5,8.9,8.4,8.9,7.2,10.9,디젤,2018,경차,기아,180g/km
1120,8.5,9.6,7.7,7.9,8.7,9.5,7.7,13.6,디젤,2021,경차,BMW,140g/km
1122,8.1,7.9,8.6,8.0,8.0,8.0,8.2,15.0,가솔린,2017,경차,르노코리아,114g/km
1123,9.3,9.7,9.0,8.8,9.7,9.8,8.8,11.2,가솔린,2023,경차,BMW,150g/km
1124,8.9,9.6,8.2,8.1,8.9,9.7,8.6,9.5,가솔린,2019,경차,메르세데스-벤츠,
1125,7.5,9.0,7.7,7.7,8.2,7.6,7.0,3.1,전기,2020,대형/프리미엄,현대,
1127,8.6,9.7,9.7,9.3,9.3,10.0,3.3,6.9,가솔린,2015,경차,BMW,260g/km
1129,8.3,9.6,7.9,7.8,9.1,9.4,6.2,10.2,가솔린,2022,경차,제네시스,166g/km
1130,8.5,9.3,7.7,7.7,8.9,9.4,8.2,13.0,가솔린,2019,경차,현대,127g/km
1133,9.2,9.8,7.8,9.5,9.5,9.5,9.3,5.1,전기,2022,대형/프리미엄,제네시스,
1134,8.5,9.7,8.7,8.5,8.4,9.8,6.0,10.8,가솔린,2022,경차,기아,151~156g/km
1137,8.9,9.4,8.8,9.4,9.2,9.4,6.9,8.4,가솔린,2014,경차,현대,214g/km
1139,8.8,9.6,7.9,9.4,9.6,9.1,7.3,8.0,가솔린,2017,경차,렉서스,226g/km
1141,7.1,8.8,7.4,7.2,7.7,7.5,6.0,8.8,디젤,2022,경차,기아,204~221g/km
1143,9.2,9.5,9.1,9.3,9.0,9.7,8.6,11.5,가솔린,2020,경차,메르세데스-벤츠,150g/km
1149,7.3,8.1,7.6,7.2,7.3,7.6,6.1,8.8,디젤,2022,경차,기아,204~221g/km
1150,8.8,9.4,8.1,9.3,9.0,9.7,7.2,10.8,가솔린,2023,경차,제네시스,157g/km
1152,9.0,9.5,7.6,9.3,9.3,9.6,8.5,12.2,가솔린,2024,경차,현대,128~137g/km
1154,8.0,8.2,9.0,8.1,8.0,7.9,6.9,11.3,가솔린,2017,경차,르노코리아,149g/km
1156,8.8,8.9,8.4,8.1,8.9,9.0,9.5,17.4,가솔린,2020,경차,현대,82~92g/km
1157,8.9,9.3,8.2,9.2,9.5,9.5,7.5,14.9,가솔린,2018,경차,렉서스,108g/km
1160,8.7,9.0,8.0,9.0,8.8,9.1,8.6,10.4,가솔린,2018,경차,현대,158~163g/km
1162,8.4,8.8,8.7,8.8,8.3,8.8,6.8,11.3,가솔린,2015,경차,기아,155g/km
1164,8.8,8.9,8.7,8.6,8.9,7.9,9.7,19.5,가솔린,2019,경차,기아,79g/km
1165,8.7,8.8,9.1,8.2,8.5,8.9,8.9,16.7,디젤,2017,경차,기아,109~111g/km
1167,9.1,9.1,8.5,9.1,9.7,9.4,8.8,9.5,가솔린,2015,경차,렉서스,186g/km
1168,8.7,9.1,8.7,9.3,8.8,8.8,7.3,11.1,가솔린,2020,경차,현대,142~153g/km
1169,9.2,9.4,8.5,9.5,9.5,9.2,8.9,12.8,가솔린,2016,경차,렉서스,129g/km
1172,8.6,9.3,8.3,9.1,8.7,8.6,7.5,13.6,디젤,2020,경차,현대,134~139g/km
1176,8.2,9.7,6.8,8.3,10.0,9.7,4.5,8.0,가솔린,2014,경차,렉서스,222g/km
1177,8.1,8.3,8.6,8.0,8.0,8.3,7.5,12.5,가솔린,2014,경차,기아,139g/km
1179,8.8,9.2,8.1,9.0,8.7,8.1,9.5,19.1,가솔린,2023,경차,현대,79~83g/km
1180,8.6,8.8,8.5,9.0,8.6,8.3,8.3,13.2,가솔린,2021,경차,현대,120~126g/km
1182,9.2,9.8,8.2,9.2,9.6,9.7,8.5,10.7,디젤,2023,경차,BMW,181g/km
1184,9.1,9.8,7.7,9.4,9.4,9.6,8.7,5.5,전기,2023,대형/프리미엄,현대,
1185,8.8,9.4,8.5,7.5,9.0,9.7,8.4,16.5,디젤,2014,경차,BMW,117g/km
1187,9.4,9.5,9.2,9.6,9.8,8.9,9.4,14.9,가솔린,2018,경차,렉서스,108g/km
1188,8.3,9.6,7.9,7.8,9.1,9.4,6.2,10.7,가솔린,2021,경차,제네시스,158g/km
1189,9.1,9.3,9.0,9.0,9.1,9.6,8.9,14.1,가솔린,2024,경차,기아,108~117g/km
1190,8.6,9.3,7.8,9.2,9.0,9.7,6.7,9.7,가솔린,2022,경차,제네시스,175g/km
1191,9.5,9.6,8.9,9.6,9.7,9.6,9.8,17.0,가솔린,2019,경차,렉서스,93g/km
1192,8.9,9.6,8.2,8.1,8.9,9.7,8.6,9.2,가솔린,2022,경차,메르세데스-벤츠,189g/km
1193,8.5,9.0,7.0,7.9,8.7,9.3,9.2,17.0,가솔린,2023,경차,르노코리아,91~93g/km
1194,9.4,9.9,9.1,9.3,9.8,9.8,9.7,4.1,전기,2024,대형/프리미엄,메르세데스-벤츠,
1195,8.9,9.4,8.4,8.4,9.2,9.8,8.1,9.9,가솔린,2022,경차,BMW,172g/km
1196,7.7,8.4,7.9,7.8,7.8,8.2,6.3,9.7,디젤,2018,경차,현대,177~203g/km
1200,8.3,9.1,8.8,8.1,8.1,8.8,6.7,12.8,가솔린,2014,경차,기아,135g/km
1201,9.2,9.6,9.5,8.5,10.0,9.5,7.9,10.1,가솔린,2016,경차,렉서스,170g/km
1202,9.1,9.1,8.5,9.1,9.7,9.4,8.8,12.6,가솔린,2015,경차,렉서스,136g/km
1204,8.6,9.0,8.8,8.4,8.5,9.0,7.9,13.8,디젤,2014,경차,기아,136~143g/km
1205,9.1,9.1,8.5,9.1,9.7,9.4,8.8,9.3,가솔린,2017,경차,렉서스,186g/km
1207,8.8,10.0,9.1,9.4,10.0,9.9,4.4,7.6,가솔린,2014,경차,BMW,238g/km
1208,9.1,9.8,8.3,9.3,9.7,9.3,7.9,3.2,전기,2020,대형/프리미엄,메르세데스-벤츠,
1209,9.0,9.3,8.9,9.5,9.1,9.4,8.0,11.4,가솔린,2023,경차,기아,140~148g/km
1210,8.9,9.4,8.7,7.7,8.5,10.0,9.4,12.7,전기,2019,경차,BMW,55g/km
1214,8.8,8.9,8.9,8.5,8.5,9.1,9.0,12.2,가솔린,2019,경차,기아,138g/km
1215,7.8,7.8,7.7,7.3,7.4,9.3,7.4,12.0,가솔린,2016,경차,르노코리아,137~141g/km
1216,9.2,9.9,8.8,9.3,8.4,9.6,9.5,4.3,전기,2019,대형/프리미엄,테슬라,
1217,8.9,9.3,8.2,9.2,9.5,9.5,7.5,7.9,가솔린,2021,경차,렉서스,220g/km
1218,8.1,8.3,8.6,8.0,8.0,8.3,7.5,16.2,디젤,2015,경차,기아,120g/km
1219,8.9,9.6,8.2,8.1,8.9,9.7,8.6,9.8,가솔린,2021,경차,메르세데스-벤츠,
1220,9.1,9.1,8.5,9.1,9.7,9.4,8.8,12.6,가솔린,2017,경차,렉서스,136g/km
1221,8.7,9.1,8.7,9.1,8.8,9.1,7.3,11.0,가솔린,2017,경차,현대,150~153g/km
1222,9.3,9.7,8.2,8.6,9.8,9.7,9.7,16.7,가솔린,2021,경차,렉서스,93g/km
1223,8.9,9.8,8.5,8.8,9.6,9.8,6.5,5.6,전기,2020,대형/프리미엄,BMW,
1224,8.5,9.6,7.7,7.9,8.7,9.5,7.7,13.6,디젤,2020,경차,BMW,140g/km
1225,8.6,8.8,8.7,8.8,8.5,9.0,8.1,12.0,가솔린,2016,경차,기아,138~145g/km
1227,8.6,9.7,9.7,9.3,9.3,10.0,3.3,6.2,가솔린,2014,경차,BMW,293g/km
1228,7.5,8.3,7.6,7.3,7.6,7.5,6.6,8.9,디젤,2017,경차,현대,202~220g/km
1232,9.3,9.8,7.9,9.7,9.6,9.0,9.7,4.0,전기,2022,대형/프리미엄,메르세데스-벤츠,
1233,8.7,9.9,8.0,8.8,9.4,9.4,7.0,8.3,가솔린,2022,경차,BMW,206g/km
1236,8.2,8.9,7.6,8.7,8.2,8.8,6.9,11.3,디젤,2023,경차,현대,156~172g/km
1237,8.2,9.8,8.1,8.8,8.7,9.8,4.3,7.7,가솔린,2022,경차,BMW,224g/km
1238,8.5,9.1,8.3,7.9,8.5,8.9,8.4,12.6,가솔린,2020,경차,현대,128~131g/km
1239,8.9,9.7,7.7,8.9,8.9,9.6,9.2,3.9,전기,2023,대형/프리미엄,기아,
1240,8.6,8.8,8.7,8.8,8.5,9.0,8.1,10.4,가솔린,2017,경차,기아,163g/km
1241,8.7,9.4,9.0,9.5,9.2,8.5,6.6,9.4,가솔린,2015,경차,기아,186~190g/km
1242,8.5,9.6,7.7,7.9,8.7,9.5,7.7,13.6,디젤,2019,경차,BMW,140g/km
1243,9.0,9.1,9.2,8.7,8.6,9.4,9.0,13.3,가솔린,2022,경차,현대,121~125g/km
1244,9.0,9.5,7.6,9.3,9.3,9.6,8.5,12.2,가솔린,2023,경차,현대,128~137g/km
1246,8.8,9.6,8.9,8.2,9.0,9.6,7.8,9.4,가솔린,2015,경차,BMW,189g/km
1247,8.1,7.9,8.6,8.0,8.0,8.0,8.2,15.0,가솔린,2016,경차,르노코리아,114g/km
1248,8.7,9.3,7.8,8.6,8.9,9.6,8.2,9.7,가솔린,2020,경차,메르세데스-벤츠,179g/km
1252,9.3,9.7,9.0,8.8,9.7,9.8,8.8,11.2,가솔린,2022,경차,BMW,150g/km
1253,9.0,10.0,10.0,8.0,8.0,10.0,8.0,7.3,가솔린,2024,경차,BMW,237g/km
1254,8.6,9.5,7.9,9.1,9.2,9.8,6.2,13.6,디젤,2024,경차,제네시스,140g/km
1256,9.2,9.3,8.8,9.4,9.1,9.3,9.6,16.2,가솔린,2017,경차,기아,97g/km
1259,8.4,9.6,8.0,8.1,9.1,9.0,6.9,8.1,가솔린,2024,경차,BMW,213g/km
1260,8.4,9.0,7.1,8.6,8.5,9.6,7.5,13.8,가솔린,2023,경차,현대,115~119g/km
1261,8.7,8.5,9.4,8.7,8.5,9.2,7.9,14.2,디젤,2020,경차,르노코리아,132~134g/km
1263,8.5,8.9,8.0,9.4,9.1,8.6,7.0,,디젤,2016,경차,메르세데스-벤츠,185g/km
1264,8.9,9.4,8.8,9.4,9.2,9.4,6.9,8.9,가솔린,2015,경차,현대,201g/km
1265,8.6,9.2,8.5,7.8,8.7,9.7,8.1,10.6,가솔린,2017,경차,메르세데스-벤츠,
1266,8.0,8.5,8.2,8.2,8.0,8.2,6.9,9.2,디젤,2015,경차,현대,222g/km
1268,8.2,9.7,6.8,8.3,10.0,9.7,4.5,7.9,가솔린,2019,경차,렉서스,222g/km
1269,8.8,9.4,8.1,9.3,9.0,9.7,7.2,14.6,디젤,2022,경차,제네시스,130g/km
1271,8.8,9.5,8.1,9.5,9.2,9.7,6.6,10.6,가솔린,2024,경차,제네시스,159g/km
1273,9.2,9.6,8.1,9.5,9.3,9.8,8.8,10.5,디젤,2023,경차,메르세데스-벤츠,184g/km
1274,9.2,9.8,8.9,8.8,9.5,9.6,9.0,13.9,디젤,2017,경차,BMW,135~136g/km
1275,8.8,9.1,8.2,9.0,8.9,8.8,8.5,11.6,가솔린,2014,경차,현대,151g/km
1279,7.9,9.0,8.0,7.0,9.0,7.5,7.0,12.6,가솔린,2016,경차,기아,138g/km
1280,8.5,9.4,7.9,9.0,8.9,9.1,6.5,8.8,가솔린,2020,경차,제네시스,196g/km
1281,8.4,8.2,8.9,8.2,8.0,9.2,7.8,12.5,디젤,2018,경차,르노코리아,148~153g/km
1282,8.8,9.5,8.6,9.4,9.3,9.4,6.7,8.5,가솔린,2016,경차,제네시스,203g/km
1283,9.5,9.7,8.5,9.7,9.8,9.8,9.3,10.0,전기,2023,경차,BMW,42g/km
1284,8.7,9.2,8.4,9.2,8.6,9.3,7.6,12.6,디젤,2022,경차,기아,153g/km
1286,8.5,9.4,8.2,7.9,8.6,8.8,7.9,12.7,가솔린,2022,경차,현대,119~131g/km
1289,8.5,9.5,7.7,9.2,8.9,9.6,6.2,13.2,디젤,2024,경차,기아,132~144g/km
1291,8.9,9.7,7.9,8.2,9.3,9.9,8.6,12.8,디젤,2016,경차,BMW,156g/km
1297,8.3,9.0,9.0,8.6,8.5,8.4,6.4,5.0,전기,2014,대형/프리미엄,기아,
1300,8.6,8.9,8.9,8.7,8.7,8.5,7.8,15.3,디젤,2019,경차,기아,114~122g/km
1301,8.9,9.5,7.0,9.0,10.0,10.0,8.0,10.8,가솔린,2024,경차,BMW,156g/km
1302,8.7,8.9,8.9,9.0,8.6,8.9,7.9,12.0,가솔린,2016,경차,현대,138~145g/km
1303,9.2,9.6,8.1,9.5,9.3,9.8,8.8,11.4,디젤,2024,경차,메르세데스-벤츠,169g/km
1304,8.9,9.5,9.2,9.6,9.4,8.9,6.8,10.4,가솔린,2017,경차,현대,171g/km
1306,9.3,9.6,8.6,9.6,9.3,9.4,9.5,17.1,가솔린,2021,경차,기아,88~94g/km
1307,9.1,9.8,8.4,9.1,9.2,9.5,8.7,12.3,디젤,2015,경차,BMW,162g/km
1310,9.2,9.2,8.6,9.4,9.1,9.8,9.4,21.1,가솔린,2023,경차,현대,74g/km
1312,8.6,9.3,8.4,8.2,9.6,9.3,7.0,10.2,가솔린,2020,경차,렉서스,170g/km
1313,7.9,9.8,8.9,6.2,7.7,9.2,5.7,10.2,가솔린,2020,경차,현대,159~167g/km
1314,8.8,9.4,8.1,8.8,9.1,9.5,8.2,5.8,가솔린,2016,경차,메르세데스-벤츠,306g/km
1316,8.2,8.9,7.6,8.7,8.2,8.8,6.9,,디젤,2024,경차,현대,
1317,9.2,9.6,9.5,8.5,10.0,9.5,7.9,8.9,가솔린,2018,경차,렉서스,193g/km
1318,9.0,9.3,8.9,9.5,9.1,9.4,8.0,11.7,가솔린,2021,경차,기아,140~144g/km
1319,8.9,9.7,7.7,8.9,8.9,9.6,9.2,5.6,전기,2023,대형/프리미엄,기아,
1320,8.2,7.7,7.8,9.0,8.2,9.1,7.2,12.7,가솔린,2022,경차,기아,127~131g/km
1322,8.6,9.3,8.4,8.2,9.6,9.3,7.0,10.2,가솔린,2014,경차,렉서스,174g/km
1323,9.0,10.0,10.0,8.0,8.0,10.0,8.0,7.6,가솔린,2024,경차,BMW,230g/km
1324,8.6,9.2,8.5,7.8,8.7,9.7,8.1,9.7,가솔린,2015,경차,메르세데스-벤츠,165g/km
1325,9.0,10.0,10.0,8.0,8.0,10.0,8.0,7.3,가솔린,2020,경차,BMW,237g/km
1326,9.3,9.8,8.8,9.3,9.5,9.4,9.1,12.2,디젤,2016,경차,BMW,157g/km
1328,8.7,8.9,7.7,9.2,8.8,9.6,7.9,12.0,가솔린,2024,경차,기아,136~139g/km
1333,8.7,9.3,8.1,9.2,8.4,9.5,7.9,13.7,디젤,2022,경차,기아,133~139g/km
1334,9.6,9.9,8.3,9.8,9.8,9.6,10.0,3.4,전기,2023,대형/프리미엄,BMW,
1335,9.4,9.6,8.1,9.1,9.8,9.7,9.8,14.0,가솔린,2022,경차,렉서스,114g/km
1336,8.7,9.6,7.7,8.0,8.7,9.9,8.1,9.0,가솔린,2021,경차,메르세데스-벤츠,194g/km
1338,8.7,9.3,7.8,8.6,8.9,9.6,8.2,12.4,디젤,2021,경차,메르세데스-벤츠,154g/km
1339,8.8,8.9,8.9,8.5,8.5,9.1,9.0,14.4,가솔린,2020,경차,기아,108~114g/km
1346,8.6,9.3,8.4,8.2,9.6,9.3,7.0,10.2,가솔린,2017,경차,렉서스,170g/km
1347,9.2,9.4,8.5,9.5,9.5,9.2,8.9,8.9,가솔린,2021,경차,렉서스,193g/km
1348,9.1,9.3,9.0,9.0,9.1,9.6,8.9,12.1,가솔린,2022,경차,기아,139g/km
1349,8.8,9.4,8.5,7.5,9.0,9.7,8.4,10.9,가솔린,2016,경차,BMW,161g/km
1350,8.9,9.7,7.9,8.2,9.3,9.9,8.6,8.3,가솔린,2016,경차,BMW,214g/km
1352,9.2,9.2,8.3,8.8,9.6,9.4,9.7,17.0,가솔린,2019,경차,렉서스,93g/km
1353,8.8,8.7,9.4,8.9,8.7,9.3,7.9,11.6,가솔린,2023,경차,르노코리아,140~146g/km
1354,8.7,9.3,7.8,8.6,8.9,9.6,8.2,12.7,디젤,2018,경차,메르세데스-벤츠,
1355,8.7,9.3,8.1,9.2,8.4,9.5,7.9,14.3,디젤,2020,경차,기아,133g/km
1356,8.7,9.9,8.0,8.8,9.4,9.4,7.0,8.3,가솔린,2021,경차,BMW,206g/km
1357,8.7,8.9,8.9,9.0,8.6,8.9,7.9,10.8,가솔린,2015,경차,현대,164g/km
1358,9.3,9.8,8.9,9.5,8.7,9.5,9.4,5.4,전기,2022,대형/프리미엄,테슬라,
1362,8.7,8.7,8.7,8.9,8.5,8.4,8.8,16.0,가솔린,2014,경차,기아,106g/km
1363,9.3,9.8,8.8,9.3,9.5,9.4,9.1,11.6,디젤,2021,경차,BMW,150g/km
1365,8.5,8.7,9.0,8.0,8.2,8.2,8.8,14.1,가솔린,2015,경차,현대,113~122g/km
1366,8.6,9.5,7.9,9.1,9.2,9.8,6.2,13.5,디젤,2022,경차,제네시스,141g/km
1367,7.9,9.1,9.0,7.2,8.2,9.2,5.0,9.9,가솔린,2015,경차,제네시스,177~180g/km
1369,9.2,9.4,8.5,9.5,9.5,9.2,8.9,12.8,가솔린,2018,경차,렉서스,129g/km
1371,8.7,8.9,7.7,9.2,8.8,9.6,7.9,12.0,가솔린,2023,경차,기아,133~139g/km
1372,8.8,9.7,7.6,9.0,8.9,8.6,9.3,6.2,전기,2024,대형/프리미엄,현대,
1373,8.5,8.5,9.1,8.7,8.6,8.0,8.2,14.9,디젤,2016,경차,기아,
1374,8.7,8.9,8.7,8.7,8.5,9.0,8.2,11.3,가솔린,2020,경차,현대,141~148g/km
1379,8.9,9.6,8.2,8.1,8.9,9.7,8.6,9.1,가솔린,2023,경차,메르세데스-벤츠,189g/km
1381,8.5,8.7,9.0,8.0,8.2,8.2,8.8,14.1,가솔린,2014,경차,현대,113g/km
1382,9.1,9.3,8.9,9.3,9.1,9.1,9.0,16.0,가솔린,2014,경차,현대,105g/km
1388,9.2,10.0,7.7,10.0,10.0,10.0,7.3,7.7,가솔린,2021,경차,렉서스,226g/km
1389,9.2,9.4,8.5,9.5,9.5,9.2,8.9,12.8,가솔린,2020,경차,렉서스,129g/km
1390,8.8,9.2,8.8,9.3,8.8,8.7,8.1,11.9,디젤,2014,경차,현대,168g/km
1391,9.0,10.0,10.0,8.0,8.0,10.0,8.0,7.6,가솔린,2020,경차,BMW,230g/km
1398,8.8,9.9,7.9,9.6,7.4,9.1,9.2,3.9,전기,2019,대형/프리미엄,테슬라,
1400,8.7,9.6,7.7,8.0,8.7,9.9,8.1,11.5,가솔린,2020,경차,메르세데스-벤츠,150g/km
1401,7.1,8.8,7.4,7.2,7.7,7.5,6.0,3.1,전기,2024,대형/프리미엄,기아,
1402,8.8,9.1,8.8,8.9,8.8,9.1,8.2,13.1,디젤,2016,경차,현대,143~151g/km
1403,9.1,9.8,8.5,8.6,9.4,9.7,8.7,11.0,가솔린,2021,경차,BMW,154g/km
1405,8.7,9.9,8.0,8.8,9.4,9.4,7.0,8.3,가솔린,2024,경차,BMW,206g/km
1408,9.3,9.4,8.9,9.5,9.1,9.4,9.4,16.2,가솔린,2020,경차,기아,97g/km
1409,8.8,9.6,7.9,9.4,9.6,9.1,7.3,8.0,가솔린,2014,경차,렉서스,226g/km
1417,8.6,9.3,8.4,8.2,9.6,9.3,7.0,10.2,가솔린,2016,경차,렉서스,170g/km
1418,8.3,9.1,8.8,8.1,8.1,8.8,6.7,12.8,가솔린,2015,경차,기아,
1419,9.0,9.5,8.6,8.3,9.2,9.4,8.6,11.0,가솔린,2022,경차,BMW,154g/km
1420,9.2,9.4,8.7,9.5,9.3,9.0,9.3,15.2,가솔린,2021,경차,현대,97~108g/km
1424,9.0,9.7,9.3,9.7,9.4,9.1,6.7,8.7,가솔린,2023,경차,기아,199g/km
1427,8.3,8.3,8.7,8.4,8.5,9.1,7.0,11.5,가솔린,2016,경차,기아,151~152g/km
1428,8.7,9.9,8.0,8.8,9.4,9.4,7.0,8.3,가솔린,2024,경차,BMW,206g/km
1429,8.8,10.0,9.1,9.4,10.0,9.9,4.4,7.6,가솔린,2014,경차,BMW,238g/km
1430,8.3,8.4,8.9,8.0,8.2,8.8,7.8,13.3,가솔린,2014,경차,기아,117~129g/km
1431,9.8,10.0,9.3,9.9,9.9,9.9,10.0,3.3,전기,2024,대형/프리미엄,BMW,
1432,8.4,8.6,9.1,8.7,8.4,8.4,7.1,8.6,LPG,2019,경차,르노코리아,155g/km
1434,9.3,9.4,8.9,9.4,9.2,9.3,9.4,16.2,가솔린,2017,경차,현대,97g/km
1435,8.1,7.9,8.6,8.0,8.0,8.0,8.2,13.8,가솔린,2018,경차,르노코리아,120g/km
1436,8.8,9.9,7.9,9.6,7.4,9.1,9.2,5.1,전기,2023,대형/프리미엄,테슬라,
1438,8.6,8.8,8.6,9.1,8.4,9.1,7.4,11.0,가솔린,2017,경차,기아,151~153g/km
1439,8.7,8.8,9.2,8.5,8.5,8.5,8.8,11.8,가솔린,2017,경차,기아,142g/km
1440,8.9,9.3,8.2,9.2,9.5,9.5,7.5,7.9,가솔린,2023,경차,렉서스,220g/km
1441,9.0,9.6,8.2,9.3,9.2,9.5,8.5,4.1,전기,2022,대형/프리미엄,메르세데스-벤츠,
1442,8.8,9.1,8.2,9.0,8.9,8.8,8.5,11.6,가솔린,2014,경차,현대,151g/km
1443,8.5,8.9,8.3,8.9,8.5,8.9,7.4,9.5,가솔린,2019,경차,현대,180g/km
1445,8.9,9.7,7.9,8.2,9.3,9.9,8.6,11.0,디젤,2017,경차,BMW,183g/km
1449,8.9,9.3,8.2,9.2,9.5,9.5,7.5,14.0,가솔린,2022,경차,렉서스,114g/km
1450,8.5,8.5,9.1,6.8,9.0,9.6,7.9,10.6,가솔린,2014,경차,메르세데스-벤츠,166g/km
1451,7.5,8.3,7.6,7.3,7.6,7.5,6.6,8.9,디젤,2015,경차,현대,201~208g/km
1452,8.8,9.6,7.9,9.4,9.6,9.1,7.3,12.6,가솔린,2017,경차,렉서스,136g/km
1453,9.1,9.6,8.5,9.0,9.4,9.6,8.6,9.8,가솔린,2023,경차,BMW,173g/km
1454,8.8,9.6,8.9,8.2,9.0,9.6,7.8,9.3,가솔린,2019,경차,BMW,180~184g/km
1458,9.1,9.6,8.8,9.0,8.8,9.0,9.3,96.2,"전기, 수소",2024,대형/프리미엄,현대,
1459,8.7,9.9,8.0,8.8,9.4,9.4,7.0,8.3,가솔린,2022,경차,BMW,206g/km
1460,9.2,10.0,7.7,10.0,10.0,10.0,7.3,8.8,가솔린,2020,경차,렉서스,198g/km
1462,8.3,9.6,7.9,7.8,9.1,9.4,6.2,10.7,가솔린,2022,경차,제네시스,158g/km
1463,9.1,9.8,8.5,8.6,9.4,9.7,8.7,10.8,가솔린,2024,경차,BMW,155g/km
1466,8.7,9.1,8.7,9.1,8.8,9.1,7.3,11.0,가솔린,2019,경차,현대,150~153g/km
1467,8.8,9.4,6.9,9.3,9.3,9.8,8.0,14.6,디젤,2023,경차,BMW,121g/km
1468,7.5,8.3,7.6,7.3,7.6,7.5,6.6,8.8,디젤,2022,경차,현대,204~221g/km
1469,8.6,8.9,8.7,8.6,8.4,8.4,8.5,12.0,디젤,2018,경차,기아,130~160g/km
1470,8.6,9.3,8.3,9.1,8.7,8.6,7.5,13.7,디젤,2023,경차,현대,135~139g/km
1472,9.3,9.9,9.2,9.2,9.8,9.9,7.6,9.5,가솔린,2022,경차,BMW,181g/km
1475,8.8,9.7,7.6,9.0,8.9,8.6,9.3,6.2,전기,2023,대형/프리미엄,현대,
1476,8.9,9.1,8.7,9.0,8.7,8.8,9.2,17.0,가솔린,2017,경차,기아,91~94g/km
1477,8.8,9.6,8.9,8.2,9.0,9.6,7.8,9.6,가솔린,2016,경차,BMW,185g/km
1479,9.0,9.5,7.4,9.3,9.2,9.4,8.9,16.2,가솔린,2024,경차,현대,99g/km
1483,8.8,9.6,7.9,9.4,9.6,9.1,7.3,9.5,가솔린,2014,경차,렉서스,185g/km
1485,8.9,9.6,8.2,9.5,8.8,9.4,7.7,9.8,디젤,2023,경차,메르세데스-벤츠,199g/km
1487,8.9,9.4,8.4,8.4,9.2,9.8,8.1,11.5,디젤,2018,경차,BMW,166g/km
1488,8.6,8.9,8.7,8.6,8.4,8.4,8.5,12.0,디젤,2017,경차,기아,130~160g/km
1489,8.5,9.2,8.2,9.2,9.0,9.4,6.0,13.1,디젤,2019,경차,제네시스,138~146g/km
1490,9.0,9.8,8.2,8.6,9.4,9.9,7.9,10.9,디젤,2023,경차,BMW,181g/km
1492,8.7,9.9,9.1,9.0,9.6,8.3,6.3,7.6,가솔린,2022,경차,BMW,225g/km
1493,9.2,9.8,8.7,9.2,9.4,9.8,8.3,4.2,전기,2024,대형/프리미엄,BMW,
1495,9.1,9.1,8.5,9.1,9.7,9.4,8.8,12.0,가솔린,2021,경차,렉서스,140g/km
1496,9.1,9.6,8.8,9.0,8.8,9.0,9.3,93.7,"전기, 수소",2021,대형/프리미엄,현대,
1497,8.8,9.2,8.1,9.0,8.7,8.1,9.5,19.1,가솔린,2019,경차,현대,79~83g/km
1499,8.5,8.7,9.0,8.0,8.2,8.2,8.8,14.1,가솔린,2015,경차,현대,122g/km
1500,8.7,10.0,8.9,8.1,9.6,9.9,5.5,7.0,가솔린,2024,경차,BMW,248g/km
1502,9.0,9.3,7.9,9.0,8.9,9.6,9.6,21.1,가솔린,2020,경차,현대,74g/km
1504,8.9,9.6,8.2,8.1,8.9,9.7,8.6,9.5,가솔린,2021,경차,메르세데스-벤츠,
1505,8.6,9.3,8.4,8.2,9.6,9.3,7.0,10.2,가솔린,2016,경차,렉서스,170g/km
1507,9.1,9.1,8.5,9.1,9.7,9.4,8.8,12.0,가솔린,2019,경차,렉서스,140g/km
1511,8.8,9.4,8.6,8.6,9.8,8.9,7.7,12.7,가솔린,2014,경차,렉서스,137g/km
1513,8.9,9.6,8.2,8.1,8.9,9.7,8.6,13.9,디젤,2023,경차,메르세데스-벤츠,137g/km
1514,8.6,8.8,8.6,9.1,8.4,9.1,7.4,11.1,가솔린,2018,경차,기아,150~152g/km
1515,8.7,9.9,8.9,8.6,9.8,9.9,5.4,7.8,가솔린,2023,경차,BMW,222g/km
1516,8.9,9.3,8.3,8.3,9.1,9.7,8.6,13.5,디젤,2016,경차,BMW,146g/km
1518,8.8,9.6,8.9,8.2,9.0,9.6,7.8,12.0,가솔린,2014,경차,BMW,194g/km
1520,8.6,9.0,8.3,8.9,8.6,7.7,9.1,17.4,가솔린,2018,경차,현대,88~91g/km
1521,9.3,9.7,9.0,8.8,9.7,9.8,8.8,11.5,가솔린,2023,경차,BMW,145g/km
1522,8.5,9.1,8.3,7.9,8.5,8.9,8.4,12.3,가솔린,2019,경차,현대,134g/km
1523,8.5,9.5,8.3,8.5,8.8,7.2,9.0,5.3,전기,2022,대형/프리미엄,기아,
1525,9.2,9.6,9.5,8.5,10.0,9.5,7.9,8.9,가솔린,2016,경차,렉서스,193g/km
1526,8.7,8.8,9.2,8.5,8.5,8.5,8.8,0.0,디젤,2017,경차,기아,0~108g/km
1527,9.0,9.5,8.8,8.6,9.1,9.5,8.7,13.3,디젤,2022,경차,BMW,143g/km
1530,8.8,9.6,8.2,8.5,9.7,9.0,7.6,7.8,가솔린,2015,경차,메르세데스-벤츠,230g/km
1531,9.2,9.8,8.2,9.2,9.6,9.7,8.5,10.0,디젤,2020,경차,BMW,195g/km
1533,9.2,9.6,8.5,9.7,9.4,9.3,8.6,9.3,가솔린,2023,경차,제네시스,184g/km
1537,9.1,9.4,7.6,9.6,9.5,9.6,9.1,17.1,가솔린,2024,경차,현대,81~93g/km
1538,9.3,9.9,9.1,8.1,9.6,9.8,9.3,4.1,전기,2022,대형/프리미엄,BMW,
1539,8.2,9.7,6.8,8.3,10.0,9.7,4.5,9.9,가솔린,2018,경차,렉서스,175g/km
1540,8.6,9.5,9.0,8.7,9.1,8.5,7.1,6.3,,2016,대형/프리미엄,현대,
1543,9.2,9.8,7.8,9.5,9.5,9.5,9.3,5.1,전기,2024,대형/프리미엄,제네시스,
1544,9.1,9.6,8.8,8.9,9.2,9.2,9.0,13.5,디젤,2016,경차,BMW,146g/km
1545,9.4,9.9,8.9,9.7,9.2,9.1,9.6,3.9,전기,2024,대형/프리미엄,메르세데스-벤츠,
1546,8.8,8.9,9.1,8.1,8.3,9.5,8.6,13.4,가솔린,2023,경차,르노코리아,121~123g/km
1548,8.4,8.5,8.2,7.2,8.0,8.9,9.5,17.3,디젤,2018,경차,르노코리아,107g/km
1549,9.2,10.0,7.7,10.0,10.0,10.0,7.3,7.5,가솔린,2024,경차,렉서스,230g/km
1551,8.6,8.8,8.6,9.1,8.4,9.1,7.4,11.1,가솔린,2019,경차,기아,150~152g/km
1553,9.0,9.3,7.9,9.0,8.9,9.6,9.6,21.1,가솔린,2022,경차,현대,74g/km
1555,8.2,9.8,8.1,8.8,8.7,9.8,4.3,7.1,가솔린,2021,경차,BMW,247g/km
1556,9.3,9.8,7.9,9.7,9.6,9.0,9.7,3.8,전기,2023,대형/프리미엄,메르세데스-벤츠,
1557,8.5,8.9,8.3,8.9,8.5,8.9,7.4,12.0,디젤,2018,경차,현대,138~160g/km
1559,8.9,9.8,8.5,8.8,9.6,9.8,6.5,5.4,전기,2019,대형/프리미엄,BMW,
1561,8.3,8.2,7.8,8.3,8.4,8.9,8.1,15.7,가솔린,2020,경차,기아,104g/km
1570,8.9,9.3,8.2,9.2,9.5,9.5,7.5,9.6,가솔린,2024,경차,렉서스,175g/km
1571,8.7,9.6,7.7,8.0,8.7,9.9,8.1,10.8,가솔린,2023,경차,메르세데스-벤츠,158g/km
1573,8.7,9.0,8.0,9.0,8.8,9.1,8.6,11.4,가솔린,2015,경차,현대,153~154g/km
1575,8.7,9.6,9.3,8.6,8.6,9.4,7.0,8.1,가솔린,2014,경차,BMW,220g/km
1576,9.3,9.7,9.0,8.8,9.7,9.8,8.8,11.5,가솔린,2021,경차,BMW,145g/km
1578,8.5,9.4,7.9,9.0,8.9,9.1,6.5,8.8,가솔린,2019,경차,제네시스,196g/km
1580,8.5,9.2,8.2,9.2,9.0,9.4,6.0,12.1,디젤,2018,경차,제네시스,138~159g/km
1582,8.7,8.8,8.7,9.2,8.4,9.3,7.8,11.6,가솔린,2021,경차,기아,142~147g/km
1584,8.9,9.3,8.4,8.9,8.8,9.6,8.4,13.3,가솔린,2022,경차,르노코리아,121~123g/km
1587,8.7,9.9,8.9,8.6,9.8,9.9,5.4,7.8,가솔린,2024,경차,BMW,222g/km
1588,8.0,8.2,9.0,8.1,8.0,7.9,6.9,12.6,가솔린,2016,경차,르노코리아,138g/km
1590,8.8,8.7,8.9,8.9,8.8,9.2,8.2,11.6,가솔린,2024,경차,르노코리아,140~146g/km
1593,9.4,9.5,9.2,9.6,9.8,8.9,9.4,16.4,가솔린,2014,경차,렉서스,103g/km
1594,8.9,9.5,9.2,7.2,9.4,9.6,8.6,,가솔린,2019,경차,BMW,
1597,8.4,8.8,8.5,8.9,8.4,8.9,7.2,10.3,디젤,2017,경차,기아,197g/km
1598,9.3,9.6,8.6,9.6,9.3,9.4,9.5,17.1,가솔린,2024,경차,기아,88~94g/km
1599,9.3,9.8,7.9,9.7,9.6,9.0,9.7,3.2,전기,2023,대형/프리미엄,메르세데스-벤츠,
1600,8.8,9.8,9.4,7.9,8.8,9.6,7.0,9.4,가솔린,2016,경차,BMW,
1601,8.9,9.4,8.7,7.7,8.5,10.0,9.4,14.2,전기,2019,경차,BMW,42g/km
1602,8.7,9.1,8.7,9.3,8.8,8.8,7.3,11.1,가솔린,2021,경차,현대,142~153g/km
1603,8.7,9.9,8.9,8.6,9.8,9.9,5.4,7.1,가솔린,2020,경차,BMW,239~247g/km
1604,8.2,8.7,8.5,7.9,8.8,7.9,7.3,10.6,가솔린,2015,경차,르노코리아,166g/km
1608,8.4,9.6,8.0,8.1,9.1,9.0,6.9,8.1,가솔린,2023,경차,BMW,213g/km
1610,8.6,9.5,7.9,9.1,9.2,9.8,6.2,13.5,디젤,2021,경차,제네시스,141g/km
1614,8.5,9.7,8.7,8.5,8.4,9.8,6.0,10.8,가솔린,2023,경차,기아,151~156g/km
1615,9.0,9.2,8.0,8.9,8.7,9.7,9.5,19.1,가솔린,2023,경차,기아,79~83g/km
1617,9.1,9.6,8.9,8.7,9.2,9.5,8.7,16.0,디젤,2015,경차,BMW,121g/km
1618,9.5,9.7,9.4,9.1,9.6,9.7,9.4,13.1,디젤,2015,경차,메르세데스-벤츠,151g/km
1619,9.2,9.3,8.8,9.4,9.1,9.3,9.6,16.2,가솔린,2018,경차,기아,97g/km
1621,8.5,9.1,8.3,7.9,8.5,8.9,8.4,12.3,가솔린,2017,경차,현대,128~134g/km
1622,8.7,9.3,7.8,8.6,8.9,9.6,8.2,12.4,디젤,2022,경차,메르세데스-벤츠,154g/km
1623,9.1,9.3,8.9,9.3,9.1,9.1,9.0,16.0,가솔린,2015,경차,현대,105g/km
1625,8.5,8.4,9.0,8.0,8.6,8.7,8.4,13.3,가솔린,2015,경차,기아,117~129g/km
1627,8.0,8.2,7.7,6.9,7.4,8.4,9.6,18.5,디젤,2014,경차,르노코리아,103g/km
1630,9.1,9.9,7.4,9.3,9.7,9.8,8.7,13.5,디젤,2023,경차,제네시스,141g/km
1631,9.0,9.4,9.3,8.7,8.8,8.2,9.5,17.5,디젤,2015,경차,BMW,110g/km
1632,9.0,9.8,8.2,8.6,9.4,9.9,7.9,10.0,디젤,2020,경차,BMW,194g/km
1633,9.1,9.6,8.9,8.7,9.2,9.5,8.7,11.7,가솔린,2016,경차,BMW,150g/km
1634,9.4,9.6,8.1,9.1,9.8,9.7,9.8,14.0,가솔린,2023,경차,렉서스,114g/km
1637,8.0,8.1,8.3,7.9,8.0,7.9,7.5,12.6,가솔린,2014,경차,르노코리아,138g/km
1641,8.2,9.5,8.1,7.3,8.9,9.6,5.9,10.4,가솔린,2018,경차,제네시스,156~161g/km
1642,9.1,9.8,8.4,9.1,9.2,9.5,8.7,12.3,디젤,2016,경차,BMW,162g/km
1645,7.5,9.0,7.7,7.7,8.2,7.6,7.0,3.1,전기,2022,대형/프리미엄,현대,
1646,8.5,9.4,7.9,9.0,8.9,9.1,6.5,7.2,가솔린,2019,경차,제네시스,241g/km
1648,9.3,9.7,9.0,8.8,9.7,9.8,8.8,11.5,가솔린,2022,경차,BMW,145g/km
1650,9.0,9.2,8.0,8.9,8.7,9.7,9.5,19.1,가솔린,2020,경차,기아,79~83g/km
1651,9.3,9.8,9.1,9.6,9.6,9.7,8.2,8.2,가솔린,2021,경차,BMW,211g/km
1654,8.6,8.8,8.6,9.1,8.4,9.1,7.4,11.1,가솔린,2016,경차,기아,153g/km
1655,8.6,8.8,8.8,8.5,8.7,7.1,9.7,19.5,가솔린,2018,경차,기아,79g/km
1656,9.0,9.6,8.2,9.3,9.2,9.5,8.5,4.1,전기,2024,대형/프리미엄,메르세데스-벤츠,
1658,9.6,9.9,8.3,9.8,9.8,9.6,10.0,3.7,전기,2024,대형/프리미엄,BMW,
1660,8.9,9.3,8.2,9.2,9.5,9.5,7.5,17.0,가솔린,2019,경차,렉서스,93g/km
1662,8.8,9.4,8.5,7.5,9.0,9.7,8.4,12.0,가솔린,2014,경차,BMW,142~146g/km
1665,8.9,9.7,7.9,8.2,9.3,9.9,8.6,8.3,가솔린,2014,경차,BMW,214g/km
1666,9.2,10.0,7.7,10.0,10.0,10.0,7.3,10.9,가솔린,2023,경차,렉서스,155g/km
1670,7.1,8.8,7.4,7.2,7.7,7.5,6.0,3.1,전기,2023,대형/프리미엄,기아,
1672,8.7,9.6,8.0,8.3,9.2,9.9,6.9,7.0,가솔린,2021,경차,메르세데스-벤츠,248g/km
1673,9.0,10.0,8.5,9.5,10.0,10.0,6.0,6.7,가솔린,2018,경차,BMW,262g/km
1674,9.6,9.9,8.3,9.8,9.8,9.6,10.0,3.9,전기,2022,대형/프리미엄,BMW,
1676,9.0,9.7,8.0,9.5,9.0,9.4,8.8,5.1,전기,2021,대형/프리미엄,현대,
1677,8.6,8.9,7.9,8.6,8.4,8.8,9.0,17.2,가솔린,2019,경차,기아,89~94g/km
1679,8.4,8.8,8.5,8.9,8.4,8.9,7.2,10.9,디젤,2018,경차,기아,180g/km
1681,8.5,8.6,9.3,8.9,8.5,8.3,7.6,8.4,LPG,2017,경차,기아,156g/km
1682,8.8,9.1,9.3,8.6,8.8,7.8,9.1,14.0,가솔린,2018,경차,현대,108~119g/km
1683,8.9,9.7,7.9,8.2,9.3,9.9,8.6,10.4,가솔린,2014,경차,BMW,169g/km
1688,9.3,9.8,9.1,9.6,9.6,9.7,8.2,10.5,디젤,2022,경차,BMW,184g/km
1691,8.3,9.6,7.9,7.8,9.1,9.4,6.2,11.2,가솔린,2023,경차,제네시스,150g/km
1692,8.9,9.6,8.1,8.7,9.4,9.6,8.0,8.3,가솔린,2023,경차,메르세데스-벤츠,220g/km
1693,8.2,8.9,7.6,8.7,8.2,8.8,6.9,10.0,디젤,2023,경차,현대,196g/km
1694,9.2,9.6,8.1,9.5,9.3,9.8,8.8,10.6,디젤,2020,경차,메르세데스-벤츠,183g/km
1695,8.8,9.5,9.2,8.9,9.0,9.2,7.2,12.2,가솔린,2021,경차,기아,134~137g/km
1696,8.8,10.0,9.1,9.4,10.0,9.9,4.4,7.8,가솔린,2015,경차,BMW,228g/km
1697,8.3,8.3,8.6,8.1,8.2,8.4,8.3,15.2,가솔린,2016,경차,기아,104~112g/km
1698,9.2,9.3,8.1,9.6,9.3,9.7,9.2,13.5,가솔린,2024,경차,기아,121g/km
1702,8.5,8.5,9.1,6.8,9.0,9.6,7.9,10.6,가솔린,2015,경차,메르세데스-벤츠,166g/km
1704,8.8,9.1,8.7,9.1,8.8,9.1,8.1,12.9,디젤,2017,경차,기아,146~154g/km
1705,9.1,9.1,8.5,9.1,9.7,9.4,8.8,9.3,가솔린,2017,경차,렉서스,186g/km
1707,9.1,9.9,8.9,8.1,9.3,9.7,8.5,9.6,가솔린,2016,경차,BMW,185g/km
1709,9.2,10.0,7.7,10.0,10.0,10.0,7.3,10.9,가솔린,2018,경차,렉서스,155g/km
1710,9.0,9.1,8.1,9.2,8.9,9.6,9.3,14.8,가솔린,2023,경차,현대,107~111g/km
1711,9.2,9.6,8.1,9.5,9.3,9.8,8.8,10.7,디젤,2021,경차,메르세데스-벤츠,181g/km
1712,8.7,9.6,8.0,8.3,9.2,9.9,6.9,8.0,가솔린,2018,경차,메르세데스-벤츠,243g/km
1713,8.4,8.3,8.4,8.2,8.3,8.7,8.3,14.7,가솔린,2017,경차,기아,101~111g/km
1715,8.9,9.2,8.8,9.4,9.1,9.0,7.7,11.3,디젤,2018,경차,현대,154~171g/km
1716,9.2,10.0,7.7,10.0,10.0,10.0,7.3,7.5,가솔린,2021,경차,렉서스,230g/km
1720,9.2,9.6,8.1,9.5,9.3,9.8,8.8,8.0,가솔린,2024,경차,메르세데스-벤츠,216g/km
1721,8.8,9.1,8.7,9.1,8.8,9.1,8.1,12.9,디젤,2015,경차,기아,146~154g/km
1722,8.1,8.7,9.0,7.7,7.8,6.5,8.9,5.3,전기,2023,대형/프리미엄,기아,
1723,8.2,8.8,8.6,8.8,8.2,7.4,7.6,77.1,"전기, 수소",2015,대형/프리미엄,현대,
1724,8.7,9.8,7.4,8.4,9.2,10.0,7.2,6.5,가솔린,2024,경차,메르세데스-벤츠,271g/km
1725,9.3,9.9,9.1,8.1,9.6,9.8,9.3,4.6,전기,2022,대형/프리미엄,BMW,
1726,8.9,9.4,8.4,8.4,9.2,9.8,8.1,9.5,가솔린,2020,경차,BMW,181g/km
1728,8.8,9.9,7.9,9.6,7.4,9.1,9.2,4.3,전기,2021,대형/프리미엄,테슬라,
1730,8.9,9.5,9.2,7.2,9.4,9.6,8.6,,가솔린,2020,경차,BMW,
1731,8.9,9.6,8.2,8.1,8.9,9.7,8.6,13.0,디젤,2020,경차,메르세데스-벤츠,146g/km
1732,8.2,9.7,6.8,8.3,10.0,9.7,4.5,9.9,가솔린,2019,경차,렉서스,175g/km
1733,8.4,8.8,8.3,9.0,8.5,9.0,7.1,11.3,디젤,2020,경차,기아,171g/km
1734,9.0,9.7,8.6,9.4,9.1,9.3,7.9,13.7,디젤,2015,경차,BMW,145g/km
1735,9.3,9.9,9.1,8.1,9.6,9.8,9.3,4.6,전기,2024,대형/프리미엄,BMW,
1741,8.5,9.3,7.7,7.7,8.9,9.4,8.2,13.0,가솔린,2017,경차,현대,127g/km
1742,9.1,9.6,8.9,8.6,9.4,9.1,9.0,15.5,디젤,2015,경차,BMW,61g/km
1744,9.1,9.6,8.6,8.6,9.5,9.8,8.6,15.6,디젤,2014,경차,메르세데스-벤츠,126g/km
1745,9.1,9.6,8.9,8.7,9.2,9.5,8.7,,디젤,2014,경차,BMW,
1746,8.4,8.8,8.3,9.0,8.5,9.0,7.1,10.3,디젤,2020,경차,기아,189g/km
1747,9.1,9.7,8.6,8.8,9.1,9.1,9.3,5.4,전기,2019,대형/프리미엄,기아,
1748,9.0,9.3,8.9,9.5,9.1,9.4,8.0,11.4,가솔린,2024,경차,기아,140~148g/km
1749,8.7,9.2,8.4,8.2,8.9,9.4,8.1,16.2,디젤,2015,경차,메르세데스-벤츠,120g/km
1750,9.0,9.5,8.8,8.6,9.1,9.5,8.7,9.8,가솔린,2021,경차,BMW,175g/km
1751,8.6,8.8,8.6,8.5,8.2,9.0,8.6,12.0,디젤,2017,경차,현대,130~160g/km
1753,8.4,9.6,6.8,8.4,8.0,8.8,8.8,,디젤,2017,경차,현대,
1755,8.9,9.7,7.9,8.3,9.0,9.9,8.7,10.0,가솔린,2021,경차,현대,170g/km
1757,8.6,9.5,9.0,8.7,9.1,8.5,7.1,6.3,,2017,대형/프리미엄,현대,
1759,9.4,9.5,9.2,9.6,9.8,8.9,9.4,16.4,가솔린,2016,경차,렉서스,103g/km
1761,8.9,9.3,8.2,9.2,9.5,9.5,7.5,8.8,가솔린,2019,경차,렉서스,198g/km
1762,8.8,9.6,8.9,8.2,9.0,9.6,7.8,9.6,가솔린,2015,경차,BMW,185g/km
1763,8.9,9.4,8.8,9.4,9.2,9.4,6.9,8.9,가솔린,2014,경차,현대,201g/km
1769,8.6,8.8,8.5,9.0,8.6,8.3,8.3,13.2,가솔린,2023,경차,현대,120~126g/km
1771,9.1,9.6,8.8,8.9,9.2,9.2,9.0,11.5,디젤,2017,경차,BMW,174g/km
1778,8.1,8.7,9.0,7.7,7.8,6.5,8.9,5.3,전기,2024,대형/프리미엄,기아,
1779,8.9,9.1,8.7,9.0,8.7,8.8,9.2,17.0,가솔린,2016,경차,기아,91~94g/km
1783,8.6,9.2,8.5,7.8,8.7,9.7,8.1,16.6,디젤,2014,경차,메르세데스-벤츠,116g/km
